-86.80982,33.23274,"Whataburger-Alabaster,AL","1101 1st Street South, Alabaster,AL 35007, (205) 620-4188"
-86.7067684,33.4261626,"Whataburger-Birmingham,AL","111 Resource Center Pkwy, Birmingham,AL 35242, (205) 980-9314"
-87.065963,31.149169,"Whataburger-Brewton,AL","2668 Douglas Ave , Brewton,AL 36426, (251) 727-4225"
-86.650379,33.326269,"Whataburger-Chelsea,AL","16064 Hwy 280, Chelsea,AL 35043, (205) 678-6648"
-88.074064,30.76222,"Whataburger-Chickasaw,AL","100 N Craft Hwy, Chickasaw,AL 36611, (251) 456-7664"
-86.575314,32.8006469,"Whataburger-Clanton,AL","2280 7th St S, Clanton,AL 35046, (205) 280-5887"
-87.6830374,30.3677364,"Whataburger-Foley,AL","3141 South McKenzie St, Foley,AL 36535, (251) 943-1692"
-86.800349,33.608862,"Whataburger-Fultondale,AL","1601 Main Street, Fultondale,AL 35068, (205) 849-2933"
-88.099554,30.672142,"Whataburger-Mobile,AL","2461 Government St, Mobile,AL 36606, (251) 478-1205"
-88.224839,30.64078,"Whataburger-Mobile,AL","2496 Schillinger Rd S, Mobile,AL 36695, (251) 639-9987"
-88.191038,30.678378,"Whataburger-Mobile,AL","9968 Airport Blvd, Mobile,AL 36608, (251) 607-0702"
-86.784137,33.334868,"Whataburger-Pelham,AL","557 Cahaba Valley Rd, Pelham,AL 35124, (205) 987-2779"
-88.0957366,30.8015885,"Whataburger-Saraland,AL","1000 Industrial Pkwy, Saraland,AL 36571, (251) 675-1246"
-86.626887,33.63977,"Whataburger-Trussville,AL","5931 Trussville Crossing Pkwy, Trussville,AL 35173, (205) 655-4513"
-87.52495,33.2005,"Whataburger-Tuscaloosa,AL","1301 McFarland Blvd E, Tuscaloosa,AL 35404, (205) 759-2879"
-87.5488908,33.1652714,"Whataburger-Tuscaloosa,AL","820 Skyland Blvd, Tuscaloosa,AL 35405, (205) 349-4506"
-94.187927,36.056735,"Whataburger-Fayetteville,AR","1956 Martin Luther King Jr Blvd , Fayetteville,AR 72701, (479) 443-2217"
-94.1447063,36.1242961,"Whataburger-Fayetteville,AR","4030 N College Ave, Fayetteville,AR 72703, (479( 442-2226"
-94.1482991,36.2782247,"Whataburger-Rogers,AR","4335 Pleasant Crossing Blvd, Rogers,AR 72758, (479) 631-0209"
-94.1760439,36.193245,"Whataburger-Springdale,AR","4172 Elm Springs Road, Springdale,AR 72762, (479) 750-2754"
-94.042946,33.461539,"Whataburger-Texarkana,AR","4110 N State Line Ave, Texarkana,AR 71854, (870) 774-1063"
-112.341256,33.448951,"Whataburger-Avondale,AZ","1450 N Dysart Rd, Avondale,AZ 85323, (623) 932-4934"
-111.748691,32.879449,"Whataburger-Casa Grande,AZ","405 E Florence Blvd, Casa Grande,AZ 85122, (520) 836-3326"
-111.968348,33.305088,"Whataburger-Chandler,AZ","7375 W Chandler Blvd, Chandler,AZ 85226, (480) 940-3707"
-112.151085,33.639532,"Whataburger-Glendale,AZ","4280 W Bell Rd, Glendale,AZ 85308, (602) 547-0186"
-112.365583,33.485637,"Whataburger-Goodyear,AZ","14251 W Indian School Rd, Goodyear,AZ 85395, (623) 536-2279"
-111.87331,33.407439,"Whataburger-Mesa,AZ","1947 W Broadway Rd, Mesa,AZ 85202, (480) 615-8378"
-111.772301,33.40801,"Whataburger-Mesa,AZ","2747 E Broadway, Mesa,AZ 85204, (480) 835-7468"
-112.251074,33.638352,"Whataburger-Peoria,AZ","8922 W Bell Rd, Peoria,AZ 85382, (623) 933-3998"
-112.099939,33.429934,"Whataburger-Phoenix,AZ","1840 S 19th Ave, Phoenix,AZ 85009, (602) 254-5154"
-112.220965,33.470739,"Whataburger-Phoenix,AZ","2040 N 75th Ave, Phoenix,AZ 85035, (623) 873-2880"
-112.111282,33.524261,"Whataburger-Phoenix,AZ","2460 W Bethany Home Road, Phoenix,AZ 85015, (602) 347-8667"
-112.01979,33.640341,"Whataburger-Phoenix,AZ","2901 E Bell Rd, Phoenix,AZ 85032, (602) 867-9039"
-112.1209831,33.6108832,"Whataburger-Phoenix,AZ","2910 W Thunderbird, Phoenix,AZ 85053, (602) 942-3989"
-112.079812,33.495001,"Whataburger-Phoenix,AZ","450 W Indian School Rd, Phoenix,AZ 85013, (602) 279-9265"
-111.978453,33.404999,"Whataburger-Phoenix,AZ","4610 S 48th St, Phoenix,AZ 85040, (602) 454-6453"
-112.063858,33.465583,"Whataburger-Phoenix,AZ","737 E McDowell Rd, Phoenix,AZ 85006, (602) 252-2443"
-111.9088,33.481214,"Whataburger-Scottsdale,AZ","2955 N Hayden Rd, Scottsdale,AZ 85251, (480) 946-9010"
-111.885936,33.576894,"Whataburger-Scottsdale,AZ","9990 N 90th St, Scottsdale,AZ 85258, (480) 767-9281"
-111.926447,33.413577,"Whataburger-Tempe,AZ","1346 S Rural Rd, Tempe,AZ 85281, (480) 921-3501"
-110.990512,32.229395,"Whataburger-Tucson,AZ","1235 W St Marys Rd, Tucson,AZ 85745, (520) 624-6044"
-110.996272,32.297619,"Whataburger-Tucson,AZ","1430 W River Rd, Tucson,AZ 85704, (520) 407-9236"
-110.968087,32.176599,"Whataburger-Tucson,AZ","3925 S 6th Ave, Tucson,AZ 85714, (520) 294-2116"
-110.975399,32.133786,"Whataburger-Tucson,AZ","435 W Valencia Rd, Tucson,AZ 85706, (520) 294-9540"
-110.877276,32.235822,"Whataburger-Tucson,AZ","5402 E Speedway Blvd, Tucson,AZ 85712, (520) 327-2684"
-110.853378,32.206282,"Whataburger-Tucson,AZ","6504 E 22nd St, Tucson,AZ 85710, (520) 747-5525"
-87.290229,30.569773,"Whataburger-Cantonment,FL","2300 S Highway 29, Cantonment,FL 32533, (850) 968-2470"
-87.274344,30.960992,"Whataburger-Century,FL","8340 N Century Blvd, Century,FL 32535, (850) 256-4020"
-86.569382,30.721985,"Whataburger-Crestview,FL","3850 Ferdon Blvd, Crestview,FL 32536, (850) 689-2800"
-86.122812,30.687733,"Whataburger-Defuniak Springs,FL","2434 US Hwy 331 South, Defuniak Springs,FL 32434, (850) 892-6107"
-86.510151,30.395449,"Whataburger-Destin,FL","101 Harbor Blvd, Destin,FL 32541, (850) 650-7708"
-86.35205,30.378141,"Whataburger-Destin,FL","10725 Emerald Coast Parkway, Destin,FL 32550, (850) 650-6607"
-87.254256,30.445775,"Whataburger-Fort Walton Beach,FL","190 Eglin Pkwy NE, Fort Walton Beach,FL 32505, (850) 244-1951"
-86.616526,30.404612,"Whataburger-Fort Walton Beach,FL","23 Miracle Strip Pkwy SW, Fort Walton Beach,FL 32548, (850) 244-9167"
-86.639633,30.428055,"Whataburger-Fort Walton Beach,FL","399 Mary Esther Cut Off NW, Fort Walton Beach,FL 32548, (850) 864-1970"
-87.155957,30.358566,"Whataburger-Gulf Breeze,FL","1135 Gulf Breeze Pkwy, Gulf Breeze,FL 32561, (850) 934-6180"
-81.623104,30.262995,"Whataburger-Jacksonville,FL","3860 University Blvd W, Jacksonville,FL 32217, (904) 730-3074"
-81.598209,30.24213,"Whataburger-Jacksonville,FL","7165 Philips Hwy, Jacksonville,FL 32256, (904) 281-7900"
-81.775077,30.295818,"Whataburger-Jacksonville,FL","7755 Normandy Blvd , Jacksonville,FL 32221, (904) 693-0181"
-81.564676,30.286938,"Whataburger-Jacksonville,FL","8840 Beach Blvd, Jacksonville,FL 32216, (904) 642-7947"
-85.648895,30.221917,"Whataburger-Lynn Haven,FL","2401 South Hwy 77, Lynn Haven,FL 32444, (850) 265-2099"
-87.04289,30.628743,"Whataburger-Milton,FL","5346 Stewart Street, Milton,FL 32570, (850) 626-4350"
-86.88972,30.401685,"Whataburger-Navarre,FL","6920 Navarre Parkway, Navarre,FL 32566, (850) 515-1185"
-81.409412,30.324058,"Whataburger-Neptune Beach,FL","1201 Penman, Neptune Beach,FL 32266, (904) 270-2840"
-86.421668,30.487609,"Whataburger-Niceville,FL","4450 Hwy 20 East, Niceville,FL 32578, (850) 897-0271"
-81.709183,30.10062,"Whataburger-Orange Park,FL","1517 County Road 220, Orange Park,FL 32003, (904) 215-2032"
-81.7466068,30.1715677,"Whataburger-Orange Park,FL","289 Blanding Blvd, Orange Park,FL 32073, (904) 215-0999"
-87.116266,30.603125,"Whataburger-Pace,FL","4983 Highway 90, Pace,FL 32571, (850) 995-2580"
-87.180497,30.642639,"Whataburger-Pace,FL","5648 Woodbine Road, Pace,FL 32571, (850) 994-1033"
-85.911664,30.239721,"Whataburger-Panama City Beach,FL","11749 Panama City Beach Pkwy, Panama City Beach,FL 32413, (850) 864-1970"
-87.2707901,30.4274197,"Whataburger-Pensacola,FL","1313 N New Warrington Rd, Pensacola,FL 32506, (850) 453-3141"
-87.236929,30.445289,"Whataburger-Pensacola,FL","1790 W Fairfield Dr, Pensacola,FL 32501, (850) 444-9161"
-87.26574,30.533236,"Whataburger-Pensacola,FL","214 E Nine Mile Rd, Pensacola,FL 32514, (850) 484-2776"
-87.204689,30.417061,"Whataburger-Pensacola,FL","417 E Gregory St, Pensacola,FL 32501, (850) 438-4636"
-87.212332,30.472877,"Whataburger-Pensacola,FL","5070 N 9th Ave, Pensacola,FL 32504, (850) 478-0563"
-87.244514,30.471109,"Whataburger-Pensacola,FL","5480 Pensacola Blvd, Pensacola,FL 32505, (850) 477-4298"
-87.302293,30.46327,"Whataburger-Pensacola,FL","6129 Mobile Hwy, Pensacola,FL 32526, (850) 944-7948"
-87.220734,30.493889,"Whataburger-Pensacola,FL","815 E Burgess Rd, Pensacola,FL 32504, (850) 477-0673"
-82.096279,29.943758,"Whataburger-Tallahassee,FL","1101 Thomasville Rd, Tallahassee,FL 32303, (904) 368-9927"
-84.278243,30.454349,"Whataburger-Tallahassee,FL","1701 W Tennessee St, Tallahassee,FL 32304, (850) 681-9202"
-84.237619,30.427562,"Whataburger-Tallahassee,FL","2511 Apalachee Pkwy, Tallahassee,FL 32311, (850) 942-7886"
-84.297834,30.476553,"Whataburger-Tallahassee,FL","2586 N Monroe St, Tallahassee,FL 32303, (850) 386-6191"
-84.302114,30.43274,"Whataburger-Tallahassee,FL","815 Lake Bradford Rd, Tallahassee,FL 32304, (850) 575-8602"
-81.55223,30.627609,"Whataburger-Yulee,FL","463773 SR 200, Yulee,FL 32097, (904) 548-9715"
-83.943679,30.839252,"Whataburger-Thomasville,GA","13880 US Highway 19 S, Thomasville,GA 31792, (229) 551-9377"
-91.062394,30.387808,"Whataburger-Baton Rouge,LA","6745 Siegen Ln, Baton Rouge,LA 70809, (225) 291-1279"
-93.716642,32.517431,"Whataburger-Bossier City,LA","112 Benton Rd, Bossier City,LA 71111, (318) 742-0998"
-93.710522,32.554961,"Whataburger-Bossier City,LA","Airline Dr at Viking Dr, Bossier City,LA 71111, (318) 746-0559"
-90.912127,30.236961,"Whataburger-Gonzales,LA","840 N Airline Hwy, Gonzales,LA 70737, (225) 644-0527"
-92.037669,30.253521,"Whataburger-Lafayette,LA","1725 N University Ave, Lafayette,LA 70507, (337) 231-0046"
-92.014894,30.189683,"Whataburger-Lafayette,LA","1845 W Pinhook Rd, Lafayette,LA 70508, (337) 265-5046"
-92.075142,30.184676,"Whataburger-Lafayette,LA","3226 Ambassador Caffery Pkwy, Lafayette,LA 70506, (337) 989-2265"
-92.098053,32.523161,"Whataburger-Monroe,LA","2411 Louisville Ave, Monroe,LA 71201, (318) 699-3385"
-92.6282208,32.5407301,"Whataburger-Ruston,LA","801 North Service E, Ruston,LA 71270, (318) 255-5326"
-93.714228,32.430959,"Whataburger-Shreveport,LA","1650 Bert Kouns Loop, Shreveport,LA 71105, (318) 797-7850"
-93.798606,32.402219,"Whataburger-Shreveport,LA","2544 Bert Kouns Loop, Shreveport,LA 71118, (318) 688-3794"
-93.779831,32.551478,"Whataburger-Shreveport,LA","2900 N Market St, Shreveport,LA 71107, (318) 221-8259"
-93.797384,32.47438,"Whataburger-Shreveport,LA","4014 Jewella Ave, Shreveport,LA 71109, (318) 635-3897"
-93.707407,32.461281,"Whataburger-Shreveport,LA","521 E Kings Hwy, Shreveport,LA 71105, (222) 222-2222"
-93.863626,32.447123,"Whataburger-Shreveport,LA","6707 Pines Rd, Shreveport,LA 71129, (318) 683-0985"
-88.894653,30.458529,"Whataburger-D'lberville,MS","3611 Sangani Blvd, D'lberville,MS 39540, (228) 392-1942"
-90.0647212,32.3431352,"Whataburger-Flowood,MS","1724 Old Fannin Rd, Flowood,MS 39232, (601) 992-3326"
-89.099869,30.454366,"Whataburger-Gulfport,MS","11484 Highway 49, Gulfport,MS 39503, (228) 831-1999"
-90.170052,32.303494,"Whataburger-Jackson,MS","1320 N High St, Jackson,MS 39202, (601) 896-0075"
-88.762018,30.409617,"Whataburger-Ocean Springs,MS","3851 Bienville Blvd, Ocean Springs,MS 39566, (225) 875-1801"
-90.156121,32.222312,"Whataburger-Richland,MS","906 Highway 49 S, Richland,MS 39218, (601) 956-6466"
-90.142525,32.399742,"Whataburger-Ridgeland,MS","800 E. County Line Rd, Ridgeland,MS 39157, (601) 956-6466"
-90.876359,32.314561,"Whataburger-Vicksburg,MS","3402 Halls Ferry Rd, Vicksburg,MS 39180, (601) 638-9655"
-106.644398,35.110436,"Whataburger-Albuquerque,NM","200 Menaul Blvd NW, Albuquerque,NM 87107, (505) 242-3876"
-106.603873,35.113184,"Whataburger-Albuquerque,NM","2808 Carlisle Blvd NE, Albuquerque,NM 87110, (505) 888-3868"
-106.650897,35.206301,"Whataburger-Albuquerque,NM","3531 NM 528 NW, Albuquerque,NM 87114, (505) 890-0936"
-106.7125149,35.0232779,"Whataburger-Albuquerque,NM","3711 Las Estancias Ct, Albuquerque,NM 87121, (505) 873-0080"
-106.595309,35.156472,"Whataburger-Albuquerque,NM","4201 Osuna Rd NE , Albuquerque,NM 87109, (505) 344-4212"
-106.535707,35.115992,"Whataburger-Albuquerque,NM","9500 Candelaria Rd NE, Albuquerque,NM 87112, (505) 332-8263"
-106.767189,32.28202,"Whataburger-Las Cruces,NM","190 E University Ave, Las Cruces,NM 88005, (505) 525-0110"
-106.783226,32.330327,"Whataburger-Las Cruces,NM","2460 N Main St, Las Cruces,NM 88001, (505) 525-2100"
-106.747743,32.317224,"Whataburger-Las Cruces,NM","375 S Telshor Blvd, Las Cruces,NM 88011, (505) 521-3222"
-106.571458,35.328693,"Whataburger-Rio Rancho,NM","4196 Hwy 528, Rio Rancho,NM 87144, (505) 771-4904"
-104.523274,33.417923,"Whataburger-Roswell,NM","2110 N Main St, Roswell,NM 88201, (505) 625-1633"
-99.333631,34.664675,"Whataburger-Altus,OK","2728 North Main Street, Altus,OK 73521, (580) 482-3370"
-97.165462,34.185814,"Whataburger-Ardmore,OK","921 Holiday Drive, Ardmore,OK 73401, (580) 226-2345"
-95.886482,36.000596,"Whataburger-Bixby,OK","10121 S Memorial Dr , Bixby,OK 74133, (918) 364-4844"
-95.760278,36.061091,"Whataburger-Broken Arrow,OK","2341 E Kenosha St, Broken Arrow,OK 74012, (918) 355-4052"
-95.630287,36.29386,"Whataburger-Claremore,OK","1400 S Lynn Riggs Blvd, Claremore,OK 74019, (918) 341-4461"
-96.410667,33.998753,"Whataburger-Durant,OK","3505 W Main, Durant,OK 74701, (580) 745-9003"
-97.4273758,35.7015495,"Whataburger-Edmond,OK","1101 W I35 Frontage Rd, Edmond,OK 73034, (405) 359-1147"
-97.482045,35.650866,"Whataburger-Edmond,OK","421 S Broadway, Edmond,OK 73034, (405) 348-2871"
-96.01367,35.951642,"Whataburger-Glenpool,OK","12110 S Waco Ave, Glenpool,OK 74033, (918) 298-0178"
-98.423652,34.623513,"Whataburger-Lawton,OK","2201 NW Cache Rd, Lawton,OK 73505, (580) 357-1608"
-98.476112,34.623337,"Whataburger-Lawton,OK","6702 NW Cache Rd, Lawton,OK 73505, (580) 536-5722"
-97.370413,35.436421,"Whataburger-Midwest City,OK","2914 S Douglas Blvd, Midwest City,OK 73130, (405) 869-9178"
-97.489008,35.296654,"Whataburger-Moore,OK","2290 S Service Road , Moore,OK 73160, (405) 895-6258"
-97.724216,35.392699,"Whataburger-Mustang,OK","212 N Mustang Rd, Mustang,OK 73064, (405) 376-2256"
-97.460122,35.218454,"Whataburger-Norman,OK","2424 W Main St, Norman,OK 73069, (405) 329-0678"
-97.535397,35.406088,"Whataburger-Oklahoma City,OK","1124 SW 59th St, Oklahoma City,OK 73109, (405) 632-4484"
-97.5494588,35.604246,"Whataburger-Oklahoma City,OK","13229 N Pennsylvania Ave, Oklahoma City,OK 73120, (405) 752-4634"
-97.601226,35.452489,"Whataburger-Oklahoma City,OK","1325 S Meridian Ave, Oklahoma City,OK 73108, (405) 949-2437"
-97.620542,35.6072,"Whataburger-Oklahoma City,OK","13500 N MacArthur Blvd, Oklahoma City,OK 73154, (405) 721-0750"
-97.654131,35.463538,"Whataburger-Oklahoma City,OK","208 S Council Rd, Oklahoma City,OK 73128, (405) 787-1159"
-97.565779,35.523779,"Whataburger-Oklahoma City,OK","5315 N May Ave, Oklahoma City,OK 73112, (405) 917-5086"
-97.583456,35.50788,"Whataburger-Oklahoma City,OK","5832 NW 36th St, Oklahoma City,OK 73122, (405) 947-6131"
-97.618847,35.550661,"Whataburger-Oklahoma City,OK","7820 N MacArthur Blvd, Oklahoma City,OK 73132, (405) 728-9665"
-95.8299389,36.2930352,"Whataburger-Owasso,OK","12903-B E 96th St North, Owasso,OK 74055, (918) 272-2301"
-96.113736,35.979149,"Whataburger-Sapulpa,OK","1704 S Main St, Sapulpa,OK 74066, (918) 227-4729"
-96.930316,35.38117,"Whataburger-Shawnee,OK","4836 N Kickapoo St, Shawnee,OK 74804, (405) 273-5246"
-97.060768,36.13271,"Whataburger-Stillwater,OK","1001 N Boomer Rd, Stillwater,OK 74075, (405) 372-2068"
-95.856964,36.119227,"Whataburger-Tulsa,OK","10675 E 31st St, Tulsa,OK 74146, (918) 622-0935"
-95.975715,36.141419,"Whataburger-Tulsa,OK","1432 S Peoria Ave, Tulsa,OK 74120, (918) 582-2419"
-95.922955,36.132952,"Whataburger-Tulsa,OK","4888 East 21st St, Tulsa,OK 74114, (918) 747-7023"
-95.912316,36.104212,"Whataburger-Tulsa,OK","5726 E 41st St, Tulsa,OK 74135, (918) 665-1317"
-95.904463,36.077297,"Whataburger-Tulsa,OK","6004 S Sheridan Rd, Tulsa,OK 74145, (918) 492-6154"
-96.005494,36.051733,"Whataburger-Tulsa,OK","7760 S Olympia Ave, Tulsa,OK 74132, (918) 445-7143"
-99.77378,32.412749,"Whataburger-Abilene,TX","3141 S Danville Dr, Abilene,TX 79605, (325) 691-1695"
-99.778415,32.451585,"Whataburger-Abilene,TX","4241 S 1st St, Abilene,TX 79605, (325) 695-6336"
-99.70857,32.448285,"Whataburger-Abilene,TX","893 US Highway 80 E, Abilene,TX 79601, (325) 676-0836"
-98.122442,26.188736,"Whataburger-Alamo,TX","513 N Alamo Rd, Alamo,TX 78516, (956) 783-1155"
-98.060362,27.753351,"Whataburger-Alice,TX","1242 E Main St, Alice,TX 78332, (361) 664-3663"
-98.086059,27.86111,"Whataburger-Alice,TX","141 S US Highway 281 Byp, Alice,TX 78332, (361) 396-0212"
-96.648071,33.128933,"Whataburger-Allen,TX","388 East Stacy Road, Allen,TX 75002, (972) 649-6913"
-97.220135,32.41351,"Whataburger-Alvarado,TX","708 N Parkway Dr, Alvarado,TX 76009, (817) 790-4200"
-95.238317,29.403881,"Whataburger-Alvin,TX","2305 Bypass 35, Alvin,TX 77511, (281) 331-7214"
-101.866412,35.188326,"Whataburger-Amarillo,TX","2424 S Georgia St, Amarillo,TX 79109, (806) 359-5472"
-101.920111,35.176231,"Whataburger-Amarillo,TX","3401 S Coulter St, Amarillo,TX 79109, (806) 358-8573"
-101.79405,35.192534,"Whataburger-Amarillo,TX","3620 E Interstate 40, Amarillo,TX 79103, (806) 378-9652"
-101.882256,35.163675,"Whataburger-Amarillo,TX","4111 W 45th Ave, Amarillo,TX 79109, (806) 355-9244"
-101.903711,35.116884,"Whataburger-Amarillo,TX","6120 Hollywood Rd, Amarillo,TX 79110, (806) 468-9799"
-101.830468,35.220478,"Whataburger-Amarillo,TX","734 N Pierce St, Amarillo,TX 79107, (806) 376-7726"
-95.432424,29.17632,"Whataburger-Angleton,TX","1120 N Velasco St, Angleton,TX 77515, (979) 849-1259"
-97.178418,27.925093,"Whataburger-Aransas Pass,TX","2737 West Wheeler Ave, Aransas Pass,TX 78336, (361) 758-8700"
-97.061696,32.734803,"Whataburger-Arlington,TX","211 S Watson Rd, Arlington,TX 76010, (817) 649-1717"
-97.097252,32.770164,"Whataburger-Arlington,TX","2214 N Collins St, Arlington,TX 76011, (817) 548-1976"
-97.063599,32.692478,"Whataburger-Arlington,TX","3360 S Watson Rd, Arlington,TX 76014, (817) 468-2866"
-97.129856,32.688859,"Whataburger-Arlington,TX","3519 S Cooper St, Arlington,TX 76015, (817) 468-3298"
-97.093469,32.680076,"Whataburger-Arlington,TX","4120 S Collins St, Arlington,TX 76014, (817) 468-4241"
-97.198616,32.675693,"Whataburger-Arlington,TX","4408 Little Rd, Arlington,TX 76016, (817) 561-5381"
-97.134774,32.651897,"Whataburger-Arlington,TX","5869 S Cooper St, Arlington,TX 76017, (817) 472-5010"
-95.160889,29.998215,"Whataburger-Atascocita,TX","7530 FM 1960 Rd E, Atascocita,TX 77346, (281) 812-2877"
-95.829206,32.211838,"Whataburger-Athens,TX","1417 E Tyler St, Athens,TX 75751, (903) 677-3838"
-97.676655,30.375178,"Whataburger-Austin,TX","11135 N IH 35, Austin,TX 78753, (512) 339-1651"
-97.790085,30.469439,"Whataburger-Austin,TX","13201 Ranch Road 620 N, Austin,TX 78717, (512) 249-5202"
-97.670222,30.433806,"Whataburger-Austin,TX","14310 N IH 35, Austin,TX 78728, (512) 251-0528"
-97.786862,30.229906,"Whataburger-Austin,TX","1908 W Ben White Blvd, Austin,TX 78704, (512) 707-0941"
-97.735823,30.230845,"Whataburger-Austin,TX","2305 Burleson Rd, Austin,TX 78741, (512) 444-2068"
-97.742156,30.293454,"Whataburger-Austin,TX","2800 Guadalupe St, Austin,TX 78705, (512) 480-5993"
-97.737333,30.359088,"Whataburger-Austin,TX","2801 W Anderson Ln, Austin,TX 78757, (512) 458-4451"
-97.702797,30.282857,"Whataburger-Austin,TX","3210 E Martin Luther King Jr Blvd, Austin,TX 78721, (512) 474-5969"
-97.847579,30.1827,"Whataburger-Austin,TX","3400 W Slaughter Ln, Austin,TX 78748, (512) 292-4161"
-97.750494,30.258393,"Whataburger-Austin,TX","601 Barton Springs Rd, Austin,TX 78704, (512) 477-9586"
-97.679495,30.342599,"Whataburger-Austin,TX","6106 Cameron Rd, Austin,TX 78723, (512) 452-0634"
-97.723321,30.330441,"Whataburger-Austin,TX","6205 N Lamar Blvd, Austin,TX 78752, (512) 453-6963"
-97.743942,30.44524,"Whataburger-Austin,TX","6301 W Parmer Ln [Bldg 3], Austin,TX 78729, (512) 996-8766"
-97.835274,30.22024,"Whataburger-Austin,TX","6611 S Mo Pac Expy [Bldg B] , Austin,TX 78749, (512) 892-2341"
-97.772416,30.190943,"Whataburger-Austin,TX","801 E William Cannon Dr, Austin,TX 78745, (512) 443-2882"
-97.8456189,30.4204251,"Whataburger-Austin,TX","8300 N FM 620, Austin,TX 78726, (512) 249-9664"
-97.788404,30.164138,"Whataburger-Austin,TX","9300 S IH 35, Austin,TX 78748, (512) 292-9357"
-97.695981,30.365178,"Whataburger-Austin,TX","9516 N Lamar Blvd, Austin,TX 78753, (512) 836-8348"
-97.542931,32.898781,"Whataburger-Azle,TX","440 NW Parkway St, Azle,TX 76020, (817) 444-6112"
-96.618998,32.733734,"Whataburger-Balch Springs,TX","12100 Lake June Rd, Balch Springs,TX 75180, (972) 913-8424"
-98.550731,29.489967,"Whataburger-Balcones Hts.,TX","4502 Fredericksburg Rd, Balcones Hts.,TX 78201, (210) 732-6570"
-97.389645,30.110415,"Whataburger-Bastrop,TX","401 State Highway 71 W, Bastrop,TX 78602, (512) 321-0722"
-95.970238,28.983757,"Whataburger-Bay City,TX","2020 Avenue F, Bay City,TX 77414, (979) 244-4959"
-94.977064,29.745343,"Whataburger-Baytown,TX","1930 Garth Rd, Baytown,TX 77520, (281) 428-7257"
-94.980861,29.805282,"Whataburger-Baytown,TX","5151 Interstate 10 E, Baytown,TX 77521, (281) 421-2191"
-94.8998407,29.8188204,"Whataburger-Baytown,TX","8730 N Hwy 146, Baytown,TX 77523, (281) 573-9363"
-94.172024,30.071517,"Whataburger-Beaumont,TX","140 Dowlen Rd, Beaumont,TX 77707, (409) 866-2358"
-94.127198,30.06821,"Whataburger-Beaumont,TX","3575 College St, Beaumont,TX 77701, (409) 835-4954"
-94.144382,30.11829,"Whataburger-Beaumont,TX","4286 E Lucas Dr, Beaumont,TX 77708, (409) 892-5657"
-97.755388,28.417256,"Whataburger-Beeville,TX","1710 N Saint Mary's St, Beeville,TX 78102, (361) 358-8454"
-97.103353,31.604262,"Whataburger-Bellmead,TX","950 N Loop 340, Bellmead,TX 76705, (254) 799-0267"
-97.451777,31.054102,"Whataburger-Belton,TX","307 N Interstate 35, Belton,TX 76513, (254) 933-0010"
-97.4699277,32.6735615,"Whataburger-Benbrook,TX","9200 Benbrook Blvd, Benbrook,TX 76126, (817) 249-2244"
-101.484259,32.263542,"Whataburger-Big Spring,TX","1110 S Gregg St, Big Spring,TX 79720, (432) 263-7359"
-98.825307,29.746147,"Whataburger-Boerne,TX","621 Bandera Rd, Boerne,TX 78006, (830) 249-1288"
-96.39559,30.138951,"Whataburger-Brenham,TX","2801 Highway 36 S, Brenham,TX 77833, (979) 277-1184"
-93.8333,30.033576,"Whataburger-Bridge City,TX","1905 Texas Ave, Bridge City,TX 77611, (409) 694-1800"
-97.511332,25.925063,"Whataburger-Brownsville,TX","1400 Central Blvd, Brownsville,TX 78520, (956) 542-8044"
-97.483243,25.905867,"Whataburger-Brownsville,TX","2021 International Blvd, Brownsville,TX 78521, (956) 542-0963"
-97.4837916,25.9510354,"Whataburger-Brownsville,TX","2103 E Ruben M Torres Sr Blvd, Brownsville,TX 78526, (956) 982-4352"
-97.504389,25.948871,"Whataburger-Brownsville,TX","2290 N Expressway, Brownsville,TX 78521, (956) 546-2572"
-97.484803,25.922065,"Whataburger-Brownsville,TX","2419 Boca Chica Blvd, Brownsville,TX 78521, (956) 546-2361"
-97.519894,25.977801,"Whataburger-Brownsville,TX","3580 W Alton Gloor Blvd, Brownsville,TX 78521, (956) 350-8863"
-97.426683,25.942441,"Whataburger-Brownsville,TX","6100 FM 802, Brownsville,TX 78521, (956) 831-0761"
-98.976419,31.729991,"Whataburger-Brownwood,TX","411 E Commerce St, Brownwood,TX 76801, (915) 646-4244"
-96.351212,30.642424,"Whataburger-Bryan,TX","3109 S Texas Avenue, Bryan,TX 77802, (979) 823-0861"
-96.371849,30.664865,"Whataburger-Bryan,TX","902 S Texas Ave, Bryan,TX 77803, (979) 822-0624"
-97.822517,30.086885,"Whataburger-Buda,TX","670 Old San Antonio Rd, Buda,TX 78610, (512) 295-7286"
-95.3230743,32.1395988,"Whataburger-Bullard,TX","651 South Doctor M Roper Pkwy, Bullard,TX 75757, (903) 954-2900"
-98.558117,34.08159,"Whataburger-Burkburnett,TX","920 S Red River Expy, Burkburnett,TX 76354, (940) 569-1419"
-97.333994,32.536885,"Whataburger-Burleson,TX","547 SW Wilshire Blvd, Burleson,TX 76028, (817) 447-1235"
-98.224392,30.759096,"Whataburger-Burnet,TX","402 E Polk St, Burnet,TX 78611, (512) 756-1507"
-95.794144,32.555719,"Whataburger-Canton,TX","17290 Interstate 20, Canton,TX 75103, (903) 567-2952"
-106.583925,31.912094,"Whataburger-Canutillo,TX","7057 S Desert Blvd, Canutillo,TX 79835, (915) 877-2445"
-96.907855,32.983957,"Whataburger-Carrollton,TX","1033 E Trinity Mills Rd, Carrollton,TX 75006, (972) 323-0192"
-96.88373,32.95341,"Whataburger-Carrollton,TX","2108 E Belt Line Rd, Carrollton,TX 75006, (972) 418-1160"
-96.841924,33.026126,"Whataburger-Carrollton,TX","3424 E Hebron Pkwy, Carrollton,TX 75010, (972) 732-1942"
-94.351585,32.157591,"Whataburger-Carthage,TX","819 West Panola St, Carthage,TX 75633, (903) 690-9600"
-96.943788,32.600292,"Whataburger-Cedar Hill,TX","211 E FM 1382, Cedar Hill,TX 75104, (972) 293-1391"
-97.832881,30.480469,"Whataburger-Cedar Park,TX","1520 Cypress Creek Rd, Cedar Park,TX 78613, (512) 331-8810"
-97.786813,30.533269,"Whataburger-Cedar Park,TX","2740 E Whitestone Blvd, Cedar Park,TX 78613, (512) 260-1667"
-97.824629,30.513009,"Whataburger-Cedar Park,TX","500 N Bell Blvd, Cedar Park,TX 78613, (512) 331-0608"
-94.191478,31.804715,"Whataburger-Center,TX","815 Hurst St, Center,TX 75935, (936) 590-9898"
-95.490799,32.3055,"Whataburger-Chandler,TX","103 Hwy 31 West, Chandler,TX 75758, (903) 849-3021"
-95.123472,29.778864,"Whataburger-Channelview,TX","15811 East Fwy, Channelview,TX 77530, (281) 452-7692"
-97.402762,32.342117,"Whataburger-Cleburne,TX","1212 W Henderson St, Cleburne,TX 76031, (817) 645-8806"
-97.39304,32.380378,"Whataburger-Cleburne,TX","2215 N Main St #C, Cleburne,TX 76033, (817) 645-0261"
-95.100032,30.333518,"Whataburger-Cleveland,TX","808 Highway 59 S, Cleveland,TX 77327, (281) 592-7722"
-95.421329,29.01073,"Whataburger-Clute,TX","1405 Highway 332, Clute,TX 77531, (979) 265-4274"
-99.520485,32.357205,"Whataburger-Clyde,TX","1614 N Access Rd, Clyde,TX 79510, (325) 893-3535"
-96.322142,30.61854,"Whataburger-College Station,TX","105 Dominik Dr, College Station,TX 77840, (979) 696-2337"
-96.330493,30.5905047,"Whataburger-College Station,TX","1451 Wellborn Rd, College Station,TX 77840, (979) 446-5239"
-96.288382,30.583286,"Whataburger-College Station,TX","1745 Rock Prairie Rd, College Station,TX 77845, (979) 695-1348"
-96.2527476,30.5558438,"Whataburger-College Station,TX","4471 State Hwy 6 S, College Station,TX 77845, (979) 690-5753"
-96.538874,29.690339,"Whataburger-Columbus,TX","2204 S Highway 71, Columbus,TX 78934, (979) 732-8681"
-95.478808,30.317928,"Whataburger-Conroe,TX","2123 W Davis St, Conroe,TX 77304, (936) 756-5111"
-95.459544,30.3121304,"Whataburger-Conroe,TX","457 W Davis St, Conroe,TX 77304, (936) 756-0107"
-95.468927,30.335924,"Whataburger-Conroe,TX","802 N Loop 336 W, Conroe,TX 77301, (936) 539-1944"
-98.28801,29.50684,"Whataburger-Converse,TX","3839 E 1604 N, Converse,TX 78109, (210) 667-9245"
-96.992327,32.987113,"Whataburger-Coppell,TX","730 N Denton Tap Road, Coppell,TX 75019, (972) 459-0473"
-97.8686833,31.1207485,"Whataburger-Copperas Cove,TX","3006 E Hwy 190, Copperas Cove,TX 76522, (254) 542-0028"
-97.282672,27.667712,"Whataburger-Corpus Christi,TX","1121 Waldron Rd, Corpus Christi,TX 78418, (361) 937-2661"
-97.393059,27.791757,"Whataburger-Corpus Christi,TX","121 N Shoreline Blvd, Corpus Christi,TX 78401, (361) 881-9925"
-97.221709,27.62223,"Whataburger-Corpus Christi,TX","14301 S Padre Island Dr, Corpus Christi,TX 78418, (361) 949-7777"
-97.363023,27.70323,"Whataburger-Corpus Christi,TX","1521 Airline Rd, Corpus Christi,TX 78412, (361) 991-7403"
-97.402649,27.765837,"Whataburger-Corpus Christi,TX","2018 S Staples Street, Corpus Christi,TX 78404, (361) 883-4428"
-97.426126,27.73551,"Whataburger-Corpus Christi,TX","2402 S Padre Island Dr, Corpus Christi,TX 78415, (361) 855-0010"
-97.419748,27.773733,"Whataburger-Corpus Christi,TX","2424 Baldwin Blvd, Corpus Christi,TX 78405, (361) 883-1753"
-97.405005,27.737878,"Whataburger-Corpus Christi,TX","3220 Gollihar Rd, Corpus Christi,TX 78415, (361) 852-8261"
-97.6295502,27.8566973,"Whataburger-Corpus Christi,TX","4026 US Highway 77, Corpus Christi,TX 78410, (361) 241-9581"
-97.379503,27.727894,"Whataburger-Corpus Christi,TX","4126 S Staples St, Corpus Christi,TX 78411, (361) 241-9581"
-97.385622,27.83072,"Whataburger-Corpus Christi,TX","4444 E Causeway Blvd, Corpus Christi,TX 78402, (361) 881-8002"
-97.443632,27.797483,"Whataburger-Corpus Christi,TX","4510 Leopard St, Corpus Christi,TX 78408, (361) 882-5524"
-97.583176,27.849047,"Whataburger-Corpus Christi,TX","4545 Violet Rd, Corpus Christi,TX 78410, (361) 241-9358"
-97.394883,27.69073,"Whataburger-Corpus Christi,TX","5001 Saratoga Blvd, Corpus Christi,TX 78413, (361) 992-6102"
-97.388972,27.754331,"Whataburger-Corpus Christi,TX","510 Texan Trl, Corpus Christi,TX 78404, (361) 855-4237"
-97.398852,27.720557,"Whataburger-Corpus Christi,TX","5114 Weber Rd, Corpus Christi,TX 78411, (361) 854-2321"
-97.4589,27.755649,"Whataburger-Corpus Christi,TX","602 S Padre Island Dr, Corpus Christi,TX 78416, (361) 855-0416"
-97.37129,27.679106,"Whataburger-Corpus Christi,TX","6241 Saratoga Blvd, Corpus Christi,TX 78414, (361) 993-9277"
-97.411478,27.701336,"Whataburger-Corpus Christi,TX","6425 Weber Rd, Corpus Christi,TX 78413, (361) 857-5540"
-97.348367,27.696368,"Whataburger-Corpus Christi,TX","6817 S Padre Island Dr, Corpus Christi,TX 78412, (361) 993-0252"
-97.398637,27.808991,"Whataburger-Corpus Christi,TX","734 E Port Ave, Corpus Christi,TX 78401, (361) 881-8987"
-97.394002,27.6691204,"Whataburger-Corpus Christi,TX","7434 South Staples, Corpus Christi,TX 78413, (361) 980-3881"
-97.3314509,27.6894481,"Whataburger-Corpus Christi,TX","7702 South Padre Island, Corpus Christi,TX 78412, (361) 986-0609"
-97.548211,27.826237,"Whataburger-Corpus Christi,TX","9402 Leopard St, Corpus Christi,TX 78410, (361) 241-7474"
-94.827213,30.993448,"Whataburger-Corrigan,TX","700 South Home St, Corrigan,TX 75939, (936) 398-2708"
-96.47987,32.083355,"Whataburger-Corsicana,TX","1709 W 7th Ave, Corsicana,TX 75110, (903) 872-6871"
-96.4478803,32.0705308,"Whataburger-Corsicana,TX","2001 Interstate 45, Corsicana,TX 75109, (903) 874-6403"
-95.4366754,31.3149512,"Whataburger-Crockett,TX","1281 E Loop 304, Crockett,TX 75835, (936) 546-0240"
-95.0633837,29.8962732,"Whataburger-Crosby,TX","14460 FM 2100 Rd, Crosby,TX 77532, (281) 328-1300"
-97.0201035,33.2365913,"Whataburger-Cross Roads,TX","11250 Hwy 380, Cross Roads,TX 76227, (940) 365-9143"
-97.288073,29.097411,"Whataburger-Cuero,TX","905 N Esplanade St, Cuero,TX 77954, (361) 275-3457"
-95.69549,29.972869,"Whataburger-Cypress,TX","26040 Highway 290, Cypress,TX 77429, (281) 256-1224"
-95.7476313,29.9912006,"Whataburger-Cypress,TX","28630 Northwest Freeway, Cypress,TX 77499, (281) 256-6946"
-95.726103,29.9112186,"Whataburger-Cypress,TX","8930 Fry Rd, Cypress,TX 77433, (281) 256-7840"
-95.6859686,29.9117281,"Whataburger-Cypress,TX","9130 Barker Cypress Road, Cypress,TX 77433, (281) 489-5850"
-96.67814,32.864603,"Whataburger-Dallas,TX","11721 E Northwest Highway, Dallas,TX 75218, (214) 342-6906"
-96.700294,32.908259,"Whataburger-Dallas,TX","11740 Plano Rd, Dallas,TX 75243, (214) 342-8552"
-96.768069,32.910986,"Whataburger-Dallas,TX","11880 N Central Expy, Dallas,TX 75243, (972) 231-0475"
-96.818197,32.950453,"Whataburger-Dallas,TX","15255 Montfort Dr, Dallas,TX 75248, (972) 661-8308"
-96.895182,32.7637,"Whataburger-Dallas,TX","1560 N Cockrell Hill Rd, Dallas,TX 75211, (214) 330-8898"
-96.828934,32.997048,"Whataburger-Dallas,TX","18180 Dallas Pkwy, Dallas,TX 75287, (972) 248-6181"
-96.855841,32.998747,"Whataburger-Dallas,TX","18253 Marsh Lane, Dallas,TX 75287, (972) 662-0559"
-96.788838,32.804438,"Whataburger-Dallas,TX","2428 N Haskell Ave, Dallas,TX 75204, (214) 821-0293"
-96.845874,32.808757,"Whataburger-Dallas,TX","2741 N Stemmons Fwy, Dallas,TX 75207, (214) 630-1210"
-97.021109,32.919831,"Whataburger-Dallas,TX","2900 N Airfield Dr, Dallas,TX 75261, (972) 574-2330"
-96.872031,32.909931,"Whataburger-Dallas,TX","3105 Forest Ln, Dallas,TX 75234, (972) 481-1681"
-96.873187,32.662305,"Whataburger-Dallas,TX","3222 W Camp Wisdom Rd, Dallas,TX 75237, (972) 709-9276"
-96.856623,32.860434,"Whataburger-Dallas,TX","3710 W Northwest Hwy, Dallas,TX 75220, (214) 357-5684"
-96.824005,32.827958,"Whataburger-Dallas,TX","5500 Lemmon Ave, Dallas,TX 75209, (214) 521-3870"
-96.685224,32.793114,"Whataburger-Dallas,TX","5525 S Buckner Blvd, Dallas,TX 75228, (214) 321-3800"
-96.768419,32.859116,"Whataburger-Dallas,TX","6061 Greenville Ave, Dallas,TX 75206, (214) 265-9191"
-96.753904,32.861718,"Whataburger-Dallas,TX","6232 Retail Road, Dallas,TX 75231, (214) 363-4903"
-96.839222,32.837889,"Whataburger-Dallas,TX","8008 Cedar Springs Rd, Dallas,TX 75235, (214) 654-0914"
-96.780298,32.644323,"Whataburger-Dallas,TX","8501 S Lancaster Rd, Dallas,TX 75241, (972) 224-3511"
-96.874437,32.834838,"Whataburger-Dallas,TX","8850 N Stemmons Frwy, Dallas,TX 75247, (214) 905-9014"
-96.736358,32.910805,"Whataburger-Dallas,TX","9394 Lyndon B Johnson Fwy, Dallas,TX 75243, (972) 783-8686"
-97.597704,33.236886,"Whataburger-Decatur,TX","500 S Highway 287, Decatur,TX 76234, (940) 627-9229"
-100.905235,29.386259,"Whataburger-Del Rio,TX","2113 Avenue F, Del Rio,TX 78840, (830) 775-6923"
-96.53697,33.756721,"Whataburger-Denison,TX","231 S Austin Ave, Denison,TX 75020, (903) 465-6105"
-97.149746,33.230198,"Whataburger-Denton,TX","1701 Malone St, Denton,TX 76201, (940) 383-2311"
-97.09633,33.193031,"Whataburger-Denton,TX","1708 S Loop 288, Denton,TX 76205, (940) 484-9449"
-97.163893,33.230386,"Whataburger-Denton,TX","2420 W University Dr, Denton,TX 76201, (940) 387-6505"
-97.138505,33.198604,"Whataburger-Denton,TX","712 Fort Worth Dr, Denton,TX 76201, (940) 383-2316"
-96.855222,32.604421,"Whataburger-DeSoto,TX","203 E Pleasant Run Rd, DeSoto,TX 75115, (972) 224-3567"
-96.879033,32.590018,"Whataburger-DeSoto,TX","961 W Belt Line Rd, DeSoto,TX 75115, (972) 274-3065"
-95.080036,29.451992,"Whataburger-Dickinson,TX","3300 Gulf Fwy, Dickinson,TX 77539, (281) 337-3855"
-98.041293,26.178086,"Whataburger-Donna,TX","615 N Daniel Salinas Blvd, Donna,TX 78537, (956) 464-3376"
-98.0934772,30.1916816,"Whataburger-Dripping Springs,TX","598 E US Hwy 290 W, Dripping Springs,TX 78620, (512) 858-1280"
-96.911441,32.662006,"Whataburger-Duncanville,TX","311 W Camp Wisdom Rd, Duncanville,TX 75116, (972) 298-4289"
-96.900865,32.633031,"Whataburger-Duncanville,TX","501 E Highway 67, Duncanville,TX 75137, (972) 283-8222"
-100.483344,28.701658,"Whataburger-Eagle Pass,TX","454 S Bibb Ave, Eagle Pass,TX 78852, (830) 773-7923"
-98.145231,26.299056,"Whataburger-Edinburg,TX","1717 E University Dr, Edinburg,TX 78542, (956) 287-9602"
-98.180542,26.303934,"Whataburger-Edinburg,TX","1812 W University Dr, Edinburg,TX 78539, (956) 380-0373"
-98.166824,26.282183,"Whataburger-Edinburg,TX","2107 S US Highway 281, Edinburg,TX 78539, (956) 383-3991"
-96.645754,28.977974,"Whataburger-Edna,TX","112 E Houston Hwy, Edna,TX 77957, (361) 782-2455"
-96.27552,29.203468,"Whataburger-El Campo,TX","909 N Mechanic St, El Campo,TX 77437, (979) 543-1455"
-106.332067,31.744922,"Whataburger-El Paso,TX","11075 Gateway Blvd W, El Paso,TX 79935, (915) 590-1295"
-106.342301,31.755856,"Whataburger-El Paso,TX","1198 N Yarbrough Dr, El Paso,TX 79925, (915) 590-8866"
-106.271613,31.760476,"Whataburger-El Paso,TX","12140 Montwood Dr, El Paso,TX 79936, (915) 857-7262"
-106.394499,31.782597,"Whataburger-El Paso,TX","1230 Airway Blvd, El Paso,TX 79925, (915) 775-2435"
-106.2657697,31.806582,"Whataburger-El Paso,TX","12302 Montana Ave, El Paso,TX 79938, (815) 921-6813"
-106.312496,31.681016,"Whataburger-El Paso,TX","131 S Americas Ave, El Paso,TX 79907, (915) 859-4145"
-106.303466,31.72192,"Whataburger-El Paso,TX","1310 George Dieter Dr, El Paso,TX 79936, (915) 859-1222"
-106.319231,31.763652,"Whataburger-El Paso,TX","1755 N Lee Trevino Dr, El Paso,TX 79936, (915) 593-0493"
-106.463072,31.765525,"Whataburger-El Paso,TX","2130 E Paisano Dr, El Paso,TX 79905, (915) 544-7039"
-106.500076,31.77336,"Whataburger-El Paso,TX","2201 N Mesa St, El Paso,TX 79902, (915) 533-8338"
-106.444641,31.807867,"Whataburger-El Paso,TX","3500 Dyer St, El Paso,TX 79930, (915) 565-0585"
-106.435683,31.898426,"Whataburger-El Paso,TX","4640 Woodrow Bean Dr, El Paso,TX 79924, (915) 751-2958"
-106.583176,31.850471,"Whataburger-El Paso,TX","5270 Doniphan Dr, El Paso,TX 79932, (915) 584-3446"
-106.422144,31.783503,"Whataburger-El Paso,TX","5600 Montana Ave, El Paso,TX 79925, (915) 772-4259"
-106.40738,31.900444,"Whataburger-El Paso,TX","5779 Fairbanks Dr, El Paso,TX 79924, (915) 751-4963"
-106.540463,31.819859,"Whataburger-El Paso,TX","650 Sunland Park Dr, El Paso,TX 79912, (915) 584-5482"
-106.367166,31.765563,"Whataburger-El Paso,TX","7400 Gateway Blvd E, El Paso,TX 79915, (915) 595-2745"
-106.34939,31.729647,"Whataburger-El Paso,TX","8055 North Loop Dr, El Paso,TX 79915, (915) 594-2997"
-106.439149,31.853628,"Whataburger-El Paso,TX","8101 Dyer St, El Paso,TX 79904, (915) 757-2564"
-106.557649,31.85851,"Whataburger-El Paso,TX","870 N Resler Rd, El Paso,TX 79912, (915) 833-7789"
-106.358997,31.793992,"Whataburger-El Paso,TX","9500 Montana Ave, El Paso,TX 79925, (915) 591-8103"
-97.987914,26.293613,"Whataburger-Elsa,TX","623 E Edinburg Ave, Elsa,TX 78543, (956) 262-1321"
-96.616329,32.334259,"Whataburger-Ennis,TX","105 N Interstate Highway 45, Ennis,TX 75119, (972) 878-9820"
-97.101026,32.881279,"Whataburger-Euless,TX","1201 W Glade Rd, Euless,TX 76039, (817) 868-1116"
-97.091249,32.837996,"Whataburger-Euless,TX","2155 Airport Freeway, Euless,TX 76040, (817) 685-0603"
-97.0250778,32.8565903,"Whataburger-Euless,TX","2344 E Rental Car Drive, Euless,TX 76039, (972) 574-1215"
-98.146722,27.183188,"Whataburger-Falfurrias,TX","101 Bypass 281, Falfurrias,TX 78355, (361) 325-5888"
-98.156404,29.143967,"Whataburger-Floresville,TX","911 10th Street, Floresville,TX 78114, (830) 393-8459"
-96.48938,32.769135,"Whataburger-Forney,TX","920 Hwy 80, Forney,TX 75126, (972) 564-1232"
-97.34888,32.795348,"Whataburger-Fort Worth,TX","109 NE 28th St, Fort Worth,TX 76106, (817) 625-8586"
-97.323523,32.63503,"Whataburger-Fort Worth,TX","125 Sycamore School Rd, Fort Worth,TX 76134, (817) 551-1161"
-97.167013,32.759137,"Whataburger-Fort Worth,TX","1425 Eastchase Pkwy, Fort Worth,TX 76120, (817) 460-8518"
-97.3253632,32.8983917,"Whataburger-Fort Worth,TX","2209 N Tarrant Pkwy, Forth Worth 76177, (817) 847-7105"
-97.3805084,32.7846947,"Whataburger-Fort Worth,TX","2236 Jacksboro Hwy, Fort Worth,TX 76114, (817) 740-8307"
-97.352463,32.705945,"Whataburger-Fort Worth,TX","2401 W Berry St, Fort Worth,TX 76110, (817) 924-6681"
-97.33195,32.714262,"Whataburger-Fort Worth,TX","2600 Hemphill St, Fort Worth,TX 76110, (817) 923-7328"
-97.316979,32.860877,"Whataburger-Fort Worth,TX","3000 Western Center Blvd, Fort Worth,TX 76131, (817) 232-1340"
-97.282614,32.660982,"Whataburger-Fort Worth,TX","3160 SE Loop 820, Fort Worth,TX 76140, (817) 551-0576"
-97.450763,32.724933,"Whataburger-Fort Worth,TX","3313 S Cherry Ln, Fort Worth,TX 76116, (817) 244-4981"
-97.368427,32.649636,"Whataburger-Fort Worth,TX","3501 Altamesa Blvd, Fort Worth,TX 76133, (817) 346-0431"
-97.2853067,33.0261516,"Whataburger-Fort Worth,TX","3582 Hwy 114, Fort Worth,TX 76177, (682) 831-1753"
-97.371961,32.732258,"Whataburger-Fort Worth,TX","3701 West Fwy, Fort Worth,TX 76107, (817) 732-6381"
-97.264895,32.741218,"Whataburger-Fort Worth,TX","4051 E Lancaster Ave, Fort Worth,TX 76103, (817) 531-2764"
-97.290859,32.841119,"Whataburger-Fort Worth,TX","5351 N Beach St, Fort Worth,TX 76137, (817) 306-9111"
-97.402637,32.660723,"Whataburger-Fort Worth,TX","6225 Hulen Bend Blvd, Fort Worth,TX 76132, (817) 370-9064"
-97.218107,32.756235,"Whataburger-Fort Worth,TX","6469 Brentwood Stair Rd, Fort Worth,TX 76112, (817) 496-8955"
-97.31887,32.68446,"Whataburger-Fort Worth,TX","901 E Seminary Dr, Fort Worth,TX 76115, (817) 926-2193"
-97.480576,32.76073,"Whataburger-Fort Worth,TX","9501 White Settlement Rd, Fort Worth,TX 76108, (817) 367-6766"
-97.289082,32.776418,"Whataburger-Fort Worth,TX","955 N Beach St, Fort Worth,TX 76111, (817) 831-0725"
-98.8561955,30.2614713,"Whataburger-Fredericksburg,TX","1301 E Main, Fredericksburg,TX 78624, (830) 990-8428"
-95.20651,29.533745,"Whataburger-Friendswood,TX","106 N Friendswood Dr, Friendswood,TX 77546, (281) 996-9171"
-95.159126,29.557961,"Whataburger-Friendswood,TX","18190 Gulf Fwy, Friendswood,TX 77546, (281) 480-7476"
-95.186974,29.510705,"Whataburger-Friendswood,TX","214 E Parkwood Ave, Friendswood,TX 77546, (281) 648-1119"
-96.8224564,33.0906181,"Whataburger-Frisco,TX","11650 N Dallas Parkway, Frisco,TX 75034, (214) 872-3855"
-96.804929,33.122798,"Whataburger-Frisco,TX","5266 Preston Road, Frisco,TX 75034, (214) 705-0831"
-115.2695538,36.2985089,"Whataburger-Frisco,TX","8000 Farm to Market Road 423, Frisco,TX 75034, (817) 494-6224"
-97.134436,33.641048,"Whataburger-Gainesville,TX","1116 E Highway 82, Gainesville,TX 76240, (940) 665-0848"
-94.77373,29.309386,"Whataburger-Galveston,TX","528 University Blvd, Galveston,TX 77550, (409) 762-7622"
-94.8321,29.274642,"Whataburger-Galveston,TX","6327 Stewart Road, Galveston,TX 77551, (409) 744-6344"
-96.650025,32.930477,"Whataburger-Garland,TX","1506 W Buckingham Rd, Garland,TX 75042, (972) 276-6900"
-96.604172,32.938186,"Whataburger-Garland,TX","2545 Fire Wheel Parkway, Garland,TX 75040, (972) 530-2353"
-96.5414733,32.8645545,"Whataburger-Garland,TX","4500 Bass Pro Drive, Garland,TX 75043, (972) 203-6115"
-96.595244,32.845026,"Whataburger-Garland,TX","5806 Broadway Blvd, Garland,TX 75043, (972) 240-8330"
-96.622602,32.87838,"Whataburger-Garland,TX","725 E Centerville Rd, Garland,TX 75041, (972) 278-8540"
-97.68132,30.649555,"Whataburger-Georgetown,TX","202 S IH-35, Georgetown,TX 78628, (512) 863-5040"
-97.717803,30.681528,"Whataburger-Georgetown,TX","3706 D B Wood Rd, Georgetown,TX 78628, (512) 864-0989"
-96.917946,30.179567,"Whataburger-Giddings,TX","2050 E Austin St, Giddings,TX 78942, (979) 542-4968"
-94.939345,32.750766,"Whataburger-Gilmer,TX","1301 N Wood St, Gilmer,TX 75644, (903) 680-0152"
-97.389361,28.668329,"Whataburger-Goliad,TX","348 E Pearl St, Goliad,TX 77963, (361) 645-8800"
-97.458448,29.513883,"Whataburger-Gonzales,TX","1709 N Staint Joseph St, Gonzales,TX 78629, (830) 672-2881"
-98.589623,33.093976,"Whataburger-Graham,TX","1228 Hwy 16 S, Graham,TX 76450, (940) 549-3420"
-97.778144,32.434285,"Whataburger-Granbury,TX","907 E Highway 377, Granbury,TX 76048, (817) 579-0847"
-97.028275,32.757346,"Whataburger-Grand Prairie,TX","1404 NW 19th St, Grand Prairie,TX 75050, (972) 641-7684"
-97.055346,32.795521,"Whataburger-Grand Prairie,TX","2710 N State Highway 360, Grand Prairie,TX 75050, (972) 660-3187"
-97.006634,32.679201,"Whataburger-Grand Prairie,TX","3845 S Carrier Pkwy, Grand Prairie,TX 75052, (972) 237-7941"
-97.00802,32.70925,"Whataburger-Grand Prairie,TX","421 W Pioneer Pkwy, Grand Prairie,TX 75051, (972) 642-8427"
-96.992868,32.7591336,"Whataburger-Grand Prairie,TX","930 E Interstate 30, Grand Prairie,TX 75050, (972) 266-8740"
-97.043506,32.959174,"Whataburger-Grapevine,TX","2000 State Highway 26, Grapevine,TX 76051, (972) 724-6236"
-97.074217,32.9412,"Whataburger-Grapevine,TX","401 E Northwest Hwy, Grapevine,TX 76051, (817) 481-2399"
-96.109804,33.10605,"Whataburger-Greenville,TX","6400 Wesley St, Greenville,TX 75401, (903) 454-2171"
-93.937152,29.938594,"Whataburger-Groves,TX","4800 Twin City Hwy, Groves,TX 77619, (936) 963-2623"
-96.12944,32.33098,"Whataburger-Gun Barrel City,TX","938 W Main St, Gun Barrel City,TX 75147, (903) 887-8700"
-94.578409,32.504248,"Whataburger-Hallsville,TX","602 W Main St, Hallsville,TX 75650, (903) 668-2842"
-97.666519,31.069803,"Whataburger-Harker Heights,TX","130 E Central Texas Expy, Harker Heights,TX 76548, (254) 200-1200"
-97.679481,26.190406,"Whataburger-Harlingen,TX","1522 E Harrison Ave, Harlingen,TX 78550, (956) 423-0372"
-97.713283,26.189862,"Whataburger-Harlingen,TX","1605 W Harrison Ave, Harlingen,TX 78550, (956) 423-8800"
-97.678977,26.165123,"Whataburger-Harlingen,TX","613 Ed Carey Dr, Harlingen,TX 78550, (956) 428-0774"
-97.0997391,32.9411201,"Whataburger-Haslet,TX","13148 NW Hwy 287, Haslet,TX 76052, (817) 439-8622"
-94.784124,32.158666,"Whataburger-Henderson,TX","630 US Highway 79 N, Henderson,TX 75652, (903) 657-8538"
-97.044121,33.129459,"Whataburger-Hickory Creek,TX","4250 FM 2181, Hickory Creek,TX 75065, (940) 498-9377"
-98.2193375,26.1084194,"Whataburger-Hidalgo,TX","3120 N Jackson Rd, Hidalgo,TX 78557, (856) 843-5136"
-98.269669,26.098606,"Whataburger-Hidalgo,TX","824 S International Blvd, Hidalgo,TX 78557, (956) 843-9261"
-97.046035,33.07158,"Whataburger-Highland Village,TX","2710 FM 407, Highland Village,TX 75077, (972) 317-4697"
-97.098536,32.008299,"Whataburger-Hillsboro,TX","1402 Corsicana Hwy, Hillsboro,TX 76645, (254) 582-7355"
-99.128889,29.348125,"Whataburger-Hondo,TX","229 19th Street, Hondo,TX 78861, (830) 426-2247"
-106.1866531,31.6827393,"Whataburger-Horizon City,TX","13910 Horizon Blvd [B], Horizon City,TX 79927, (915) 799-9442"
-95.365124,29.756943,"Whataburger-Houston,TX","1000 Main St, Houston,TX 77002, (713) 658-9602"
-95.462467,29.669994,"Whataburger-Houston,TX","10310 S Post Oak Rd, Houston,TX 77035, (713) 726-0031"
-95.543831,29.786071,"Whataburger-Houston,TX","1040 Gessner Dr, Houston,TX 77055, (713) 468-8765"
-95.581395,29.934897,"Whataburger-Houston,TX","10843 FM 1960 Rd W, Houston,TX 77070, (281) 469-1223"
-95.423731,29.981558,"Whataburger-Houston,TX","109 Airtex Dr, Houston,TX 77090, (281) 872-3757"
-95.4680184,29.7889023,"Whataburger-Houston,TX","1110 Silber Rd, Houston,TX 77055, (713) 956-4061"
-95.22018,29.61267,"Whataburger-Houston,TX","11116 Fuqua St, Houston,TX 77089, (281) 481-0054"
-95.59997,29.784085,"Whataburger-Houston,TX","12121 Katy Fwy, Houston,TX 77079, (281) 497-6696"
-95.598408,29.736051,"Whataburger-Houston,TX","12401 Westheimer Rd, Houston,TX 77077, (281) 556-8770"
-95.47748,29.909786,"Whataburger-Houston,TX","12424 Tomball Pkwy, Houston,TX 77086, (281) 999-4114"
-95.485853,29.971092,"Whataburger-Houston,TX","12663 Veterans Memorial Dr, Houston,TX 77014, (281) 440-1347"
-95.504278,29.848811,"Whataburger-Houston,TX","13270 Northwest Fwy, Houston,TX 77040, (713) 690-0394"
-95.1805465,29.7701112,"Whataburger-Houston,TX","13728 East Fwy , Houston,TX 77015, (713) 450-2030"
-95.200637,29.9213257,"Whataburger-Houston,TX","13933 E Sam Houston Pkwy N, Houston,TX 77044, (713) 436-1983"
-95.169683,29.807283,"Whataburger-Houston,TX","15329 Wallisville Rd, Houston,TX 77049, (281) 454-6289"
-95.453511,30.012816,"Whataburger-Houston,TX","1604 FM 1960 Rd W, Houston,TX 77090, (281) 440-8860"
-95.291161,29.778324,"Whataburger-Houston,TX","1700 N Wayside Dr, Houston,TX 77020, (713) 674-6609"
-95.448659,29.799996,"Whataburger-Houston,TX","1718 West Loop N, Houston,TX 77008, (713) 868-8988"
-95.409034,29.941341,"Whataburger-Houston,TX","181 N Sam Houston Pkwy E, Houston,TX 77060, (281) 873-7760"
-95.413797,29.914867,"Whataburger-Houston,TX","211 West Rd, Houston,TX 77038, (281) 847-3493"
-95.592051,30.014157,"Whataburger-Houston,TX","22603 Tomball Pkwy, Houston,TX 77375, (832) 717-5357"
-95.412269,29.705911,"Whataburger-Houston,TX","2265 W Holcombe Blvd, Houston,TX 77030, (713) 838-8106"
-95.545442,29.815115,"Whataburger-Houston,TX","2429 Gessner Dr, Houston,TX 77080, (713) 461-1486"
-95.38806,30.022389,"Whataburger-Houston,TX","2627 FM 1960 Rd E, Houston,TX 77073, (281) 821-6481"
-95.558542,29.736352,"Whataburger-Houston,TX","2720 S Sam Houston Pkwy, Houston,TX 77042, (713) 782-6941"
-95.47678,29.736253,"Whataburger-Houston,TX","2820 Chimney Rock Rd, Houston,TX 77056, (713) 783-6933"
-95.3402728,29.9874877,"Whataburger-Houston,TX","3100 N Terminal Rd, Houston,TX 77032, (281) 233-3347"
-95.6442516,29.7195397,"Whataburger-Houston,TX","3530 Hwy 6 South, Houston,TX 77082, (281) 752-4250"
-95.364279,29.702015,"Whataburger-Houston,TX","3624 Old Spanish Trl, Houston,TX 77021, (713) 748-0126"
-95.373051,29.79102,"Whataburger-Houston,TX","3636 N Main St, Houston,TX 77009, (713) 868-1581"
-95.436863,29.74138,"Whataburger-Houston,TX","3639 Westheimer Rd, Houston,TX 77027, (713) 627-8602"
-95.410784,29.733227,"Whataburger-Houston,TX","3712 S Shepherd Dr, Houston,TX 77098, (713) 529-0216"
-95.436491,29.728627,"Whataburger-Houston,TX","3797 Southwest Fwy, Houston,TX 77027, (713) 627-8577"
-95.328208,29.869612,"Whataburger-Houston,TX","4040 Little York Rd, Houston,TX 77093, (713) 691-1424"
-95.406465,29.870042,"Whataburger-Houston,TX","444 W Little York Rd, Houston,TX 77076, (713) 691-3110"
-95.384869,29.833045,"Whataburger-Houston,TX","4545 North Fwy, Houston,TX 77022, (713) 691-0444"
-95.472933,29.838359,"Whataburger-Houston,TX","5050 Antoine Dr, Houston,TX 77092, (713) 686-9402"
-95.6451619,29.86295,"Whataburger-Houston,TX","5815 Highway 6 N, Houston,TX 77084, (281) 550-6763"
-95.289429,29.67225,"Whataburger-Houston,TX","6402 Telephone Rd, Houston,TX 77061, (713) 644-0404"
-95.497868,29.749947,"Whataburger-Houston,TX","6405 San Felipe St, Houston,TX 77057, (713) 781-4040"
-95.49792,29.718487,"Whataburger-Houston,TX","6520 Southwest Fwy, Houston,TX 77074, (713) 953-9644"
-95.521116,29.707261,"Whataburger-Houston,TX","6705 Fondren Rd, Houston,TX 77036, (713) 772-0159"
-95.296647,29.702228,"Whataburger-Houston,TX","6888 Gulf Fwy # 200, Houston,TX 77087, (713) 644-2057"
-95.304768,29.736323,"Whataburger-Houston,TX","6914 Harrisburg Blvd, Houston,TX 77011, (713) 921-7749"
-95.301536,29.807952,"Whataburger-Houston,TX","7001 North Loop E, Houston,TX 77028, (713) 671-0395"
-95.536112,29.967249,"Whataburger-Houston,TX","7210 FM 1960 Rd W, Houston,TX 77069, (281) 893-6654"
-95.496366,29.615689,"Whataburger-Houston,TX","7418 S Sam Houston Pkwy W, Houston,TX 77085, (713) 283-1070"
-95.509965,29.655797,"Whataburger-Houston,TX","7629 W Bellfort St, Houston,TX 77071, (713) 729-8025"
-95.557882,29.691298,"Whataburger-Houston,TX","8134 West Sam Houston Pkwy S, Houston,TX 77072, (281) 495-9384"
-95.633287,29.903335,"Whataburger-Houston,TX","8534 Highway 6 N, Houston,TX 77095, (281) 858-0590"
-95.24387,29.640184,"Whataburger-Houston,TX","8927 Clearwood Dr, Houston,TX 77075, (713) 941-7307"
-95.510281,29.801771,"Whataburger-Houston,TX","8941 Long Point Rd, Houston,TX 77055, (713) 973-6184"
-95.411392,29.81296,"Whataburger-Houston,TX","905 North Loop W, Houston,TX 77008, (713) 880-8840"
-95.555704,29.915744,"Whataburger-Houston,TX","9232 W Sam Houston Parkway N, Houston,TX 77064, (281) 970-9709"
-95.544386,29.67553,"Whataburger-Houston,TX","9517 Bissonnet St, Houston,TX 77036, (713) 772-4571"
-95.428177,29.676505,"Whataburger-Houston,TX","9955 S Main St, Houston,TX 77025, (713) 661-4094"
-95.269759,29.999557,"Whataburger-Humble,TX","19440 Highway 59 N, Humble,TX 77338, (281) 540-1795"
-95.18264,30.05218,"Whataburger-Humble,TX","4545 Kingwood Dr, Humble,TX 77345, (281) 361-9036"
-95.2494,29.937933,"Whataburger-Humble,TX","4831 Wilson Rd, Humble,TX 77396, (281) 441-1626"
-95.298805,30.004661,"Whataburger-Humble,TX","8430 FM 1960 Bypass West Road, Humble,TX 77338, (281) 446-0211"
-95.567547,30.715868,"Whataburger-Huntsville,TX","140 Interstate 45 S, Huntsville,TX 77340, (936) 291-8876"
-97.1976,32.82382,"Whataburger-Hurst,TX","1120 W Pipeline Rd, Hurst,TX 76053, (817) 595-2404"
-96.708823,32.650099,"Whataburger-Hutchins,TX","215 N IH 45, Hutchins,TX 75141, (972) 225-9180"
-97.582572,30.50084,"Whataburger-Hutto,TX","5012 Gattis School Rd, Hutto,TX 78634, (512) 670-8189"
-97.172257,27.877045,"Whataburger-Ingleside,TX","2474 State Hwy 361, Ingleside,TX 78362, (361) 776-3281"
-99.221623,30.072909,"Whataburger-Ingram,TX","3215 Junction Hwy, Ingram,TX 78025, (830) 367-3557"
-96.979784,32.837994,"Whataburger-Irving,TX","2515 W Airport Freeway, Irving,TX 75062, (972) 255-4794"
-96.9926,32.846327,"Whataburger-Irving,TX","2931 N Belt Line Rd, Irving,TX 75062, (972) 252-7489"
-96.921041,32.810542,"Whataburger-Irving,TX","410 S Loop 12, Irving,TX 75060, (972) 438-5322"
-97.022494,32.836142,"Whataburger-Irving,TX","4920 W Airport Fwy, Irving,TX 75062, (972) 313-0789"
-96.959721,32.9175,"Whataburger-Irving,TX","850 Market Pl, Irving,TX 75063, (972) 501-9624"
-95.268586,31.959595,"Whataburger-Jacksonville,TX","627 S Jackson St, Jacksonville,TX 75766, (903) 586-7211"
-93.99449,30.907618,"Whataburger-Jasper,TX","1365 S Wheeler St, Jasper,TX 75951, (936) 384-4123"
-95.579592,29.8876,"Whataburger-Jersey Village,TX","17234 Northwest Fwy, Jersey Village,TX 77040, (713) 466-5093"
-94.0193921,31.9699983,"Whataburger-Joaquin,TX","12768 Hwy 84 East, Joaquin,TX 75954, (936) 269-3214"
-95.719288,29.786859,"Whataburger-Katy,TX","1225 N Fry Rd, Katy,TX 77449, (281) 492-0691"
-95.806436,29.756995,"Whataburger-Katy,TX","23540 Westheimer Parkway, Katy,TX 77494, (281) 574-1499"
-95.847529,29.777137,"Whataburger-Katy,TX","25635 Katy Freeway, Katy,TX 77494, (281) 347-1066"
-95.7749999,29.80159,"Whataburger-Katy,TX","2940 W Grand Pkwy N, Katy,TX 77449, (281) 574-7207"
-95.7516682,29.780745,"Whataburger-Katy,TX","307 S Mason Rd, Katy,TX 77450, (281) 599-8952"
-95.7211151,29.8631744,"Whataburger-Katy,TX","6131 N Fry Road, Katy,TX 77449, (281) 855-9404"
-96.3069691,32.5726148,"Whataburger-Kaufman,TX","300 East Highway 175, Kaufman,TX 75142, (972) 962-0002"
-97.21774,32.934325,"Whataburger-Keller,TX","1520 Keller Pkwy, Keller,TX 76248, (817) 431-2948"
-95.028003,29.531281,"Whataburger-Kemah,TX","305 FM 518, Kemah,TX 77565, (281) 334-5093"
-99.151046,30.054627,"Whataburger-Kerrville,TX","338 Junction Hwy, Kerrville,TX 78029, (830) 896-3313"
-94.868914,32.38001,"Whataburger-Kilgore,TX","108 N Henderson Blvd, Kilgore,TX 75662, (903) 984-1324"
-94.944151,32.43554,"Whataburger-Kilgore,TX","6241 Old Highway 135 N, Kilgore,TX 75662, (903) 983-2800"
-97.733717,31.091485,"Whataburger-Killeen,TX","2509 Trimmier Rd, Killeen,TX 76542, (254) 526-0025"
-97.847608,27.49123,"Whataburger-Kingsville,TX","2701 S US Hwy 77, Kingsville,TX 78363, (361) 221-9559"
-97.855682,27.512448,"Whataburger-Kingsville,TX","510 S 14th St, Kingsville,TX 78363, (361) 592-4356"
-95.2434,30.068387,"Whataburger-Kingwood,TX","320 Northpark Dr, Kingwood,TX 77339, (281) 312-4246"
-97.86249,30.0141,"Whataburger-Kyle,TX","5401 S FM 1626 [Ste 500], Kyle,TX 78640, (512) 268-4259"
-97.824359,26.16525,"Whataburger-La Feria,TX","90 W Expressway 83, La Feria,TX 78559, (956) 797-9009"
-96.84199,29.908982,"Whataburger-La Grange,TX","1800 E State Highway 71, La Grange,TX 78945, (979) 968-9868"
-98.477952,26.255038,"Whataburger-La Joya,TX","450 Highway 83 , La Joya,TX 78560, (956) 519-4661"
-95.033408,29.402413,"Whataburger-La Marque,TX","1004 FM 1764 Rd, La Marque,TX 77568, (409) 986-7001"
-95.028587,29.664563,"Whataburger-La Porte,TX","117 Highway 146 S, La Porte,TX 77571, (281) 470-8173"
-95.097515,29.664263,"Whataburger-La Porte,TX","9029 Spencer Hwy, La Porte,TX 77571, (281) 478-6563"
-98.1304541,29.3506287,"Whataburger-La Vernia,TX","93 FM 1346, La Vernia,TX 78121, (830) 779-2083"
-95.460008,29.047988,"Whataburger-Lake Jackson,TX","123 Highway 332 W, Lake Jackson,TX 77566, (979) 299-1313"
-97.416443,32.807512,"Whataburger-Lake Worth,TX","6120 Lake Worth Blvd, Lake Worth,TX 76135, (817) 237-8271"
-97.96701,30.342862,"Whataburger-Lakeway,TX","2011 Ranch Road 620 S, Lakeway,TX 78734, (512) 263-8723"
-96.821833,32.59123,"Whataburger-Lancaster,TX","120 N Interstate 35 E, Lancaster,TX 75146, (972) 230-9296"
-96.805949,32.637676,"Whataburger-Lancaster,TX","3797 N Houston School Rd, Lancaster,TX 75134, (972) 224-3040"
-99.512487,27.592331,"Whataburger-Laredo,TX","10112 Mines Rd, Laredo,TX 78041, (956) 717-8506"
-99.496755,27.568017,"Whataburger-Laredo,TX","202 W Del Mar Blvd, Laredo,TX 78045, (956) 725-2509"
-99.496508,27.506752,"Whataburger-Laredo,TX","2118 Guadalupe St, Laredo,TX 78041, (956) 723-9757"
-99.468965,27.530559,"Whataburger-Laredo,TX","2701 E Saunders St, Laredo,TX 78041, (956) 726-4221"
-99.451986,27.498016,"Whataburger-Laredo,TX","4416 State Highway 359, Laredo,TX 78043, (956) 712-9889"
-99.504856,27.544802,"Whataburger-Laredo,TX","4902 San Bernardo Ave, Laredo,TX 78048, (956) 723-8283"
-99.495064,27.609674,"Whataburger-Laredo,TX","7010 Lancer Rd, Laredo,TX 78041, (956) 753-8809"
-99.473341,27.565487,"Whataburger-Laredo,TX","7110 McPhearson Ave, Laredo,TX 78041, (956) 729-1160"
-99.482203,27.462447,"Whataburger-Laredo,TX","809 Riverhill Dr, Laredo,TX 78046, (956) 722-2712"
-99.480747,27.595646,"Whataburger-Laredo,TX","9102 McPherson Ave, Laredo,TX 78045, (956) 726-3119"
-95.076171,29.523363,"Whataburger-League City,TX","2212 E Main St, League City,TX 77573, (281) 338-2118"
-95.088882,29.467985,"Whataburger-League City,TX","2990 Gulf Fwy S, League City,TX 77573, (281) 534-0218"
-98.62454,29.499573,"Whataburger-Leon Valley,TX","7016 Bandera Rd, Leon Valley,TX 78238, (210) 680-0721"
-96.993738,33.019498,"Whataburger-Lewisville,TX","101 W Southwest Pkwy, Lewisville,TX 75067, (972) 434-2505"
-97.009832,33.047435,"Whataburger-Lewisville,TX","171 N Stemmons Fwy, Lewisville,TX 75067, (972) 221-3464"
-94.796712,30.056693,"Whataburger-Liberty,TX","1921 Highway 90, Liberty,TX 77575, (936) 336-7721"
-95.409671,32.512555,"Whataburger-Lindale,TX","311 S Main St, Lindale,TX 75771, (903) 881-5120"
-98.347089,29.555108,"Whataburger-Live Oak,TX","12806 N IH 35, Live Oak,TX 78233, (210) 654-9405"
-94.950606,30.711091,"Whataburger-Livingston,TX","1504 W Church St, Livingston,TX 77351, (936) 327-5796"
-97.668942,29.872277,"Whataburger-Lockhart,TX","100 State Park Rd, Lockhart,TX 78644, (512) 398-4288"
-94.7513428,32.4976404,"Whataburger-Longview,TX","105 N Spur 63, Longview,TX 75601, (903) 753-7231"
-94.775526,32.495568,"Whataburger-Longview,TX","1479 E Harrison Rd, Longview,TX 75604, (903) 236-7730"
-94.78895,32.532367,"Whataburger-Longview,TX","2401 Gilmer Rd, Longview,TX 75604, (903) 759-8858"
-94.707565,32.454794,"Whataburger-Longview,TX","3123 S Eastman Rd, Longview,TX 75602, (903) 757-4927"
-94.730657,32.54149,"Whataburger-Longview,TX","3308 N 4th St, Longview,TX 75605, (903) 663-2267"
-101.9048852,33.4902107,"Whataburger-Lubbock,TX","11441 Quaker Ave, Lubbock,TX 79424, (806) 783-0465"
-101.855409,33.577915,"Whataburger-Lubbock,TX","1702 19th St, Lubbock,TX 79401, (806) 747-5622"
-101.855648,33.548627,"Whataburger-Lubbock,TX","1717 50th St, Lubbock,TX 79412, (806) 744-8595"
-101.869358,33.587528,"Whataburger-Lubbock,TX","2412 9th St, Lubbock,TX 79401, (806) 744-0528"
-101.914213,33.548991,"Whataburger-Lubbock,TX","4802 50th St, Lubbock,TX 79414, (806) 792-2725"
-101.932073,33.592519,"Whataburger-Lubbock,TX","5512 4th St, Lubbock,TX 79416, (806) 799-1955"
-101.954706,33.519911,"Whataburger-Lubbock,TX","6414 82nd St, Lubbock,TX 79424, (806) 698-1196"
-101.906296,33.528667,"Whataburger-Lubbock,TX","7201 Quaker Ave, Lubbock,TX 79424, (806) 784-0190"
-101.870549,33.519291,"Whataburger-Lubbock,TX","8226 University Ave, Lubbock,TX 79423, (806) 748-8220"
-94.758794,31.331322,"Whataburger-Lufkin,TX","102 S John Redditt, Lufkin,TX 75904, (936) 632-0022"
-94.7291336,31.3023205,"Whataburger-Lufkin,TX","103 N Brentwood Dr [Ste 900], Lufkin,TX 75904, (936) 632-0005"
-94.718524,31.341488,"Whataburger-Lufkin,TX","421 N Timberland Dr, Lufkin,TX 75901, (936) 632-2216"
-94.198863,30.260184,"Whataburger-Lumberton,TX","401 N Main St, Lumberton,TX 77657, (409) 755-0144"
-98.7044296,29.2251205,"Whataburger-Lytle,TX","19561 S FM 2790 W [Ste 2], Lytle,TX 78052, (838) 772-3347"
-95.5901947,30.1914215,"Whataburger-Magnolia,TX","30330 FM 2978, Magnolia,TX 77354, (281) 363-2223"
-95.560928,30.223433,"Whataburger-Magnolia,TX","6203 FM 1488 Rd, Magnolia,TX 77354, (832) 934-0323"
-96.0129607,32.1707536,"Whataburger-Malakoff,TX","102 W Royall Blvd, Malakoff,TX 75148, (903) 292-5120"
-97.5401174,30.3490716,"Whataburger-Manor,TX","12003 E US 290 Hwy, Manor,TX 78659, (210) 745-3044"
-97.151154,32.581444,"Whataburger-Mansfield,TX","1221 Highway 157 N, Mansfield,TX 76063, (817) 473-1585"
-97.082729,32.575851,"Whataburger-Mansfield,TX","3320 E Broad St, Mansfield,TX 76063, (682) 518-1244"
-98.273136,30.579724,"Whataburger-Marble Falls,TX","1106 N US Highway 281, Marble Falls,TX 78654, (830) 693-5753"
-94.346718,32.547522,"Whataburger-Marshall,TX","2010 Victory Dr, Marshall,TX 75671, (903) 938-2064"
-94.352027,32.5239,"Whataburger-Marshall,TX","2406 E End Blvd S, Marshall,TX 75671, (903) 935-6161"
-98.202872,26.236603,"Whataburger-McAllen,TX","1000 E Nolana St, McAllen,TX 78504, (956) 668-7410"
-98.206783,26.190471,"Whataburger-McAllen,TX","1412 E Jackson Ave, McAllen,TX 78503, (956) 682-0166"
-98.232378,26.188864,"Whataburger-McAllen,TX","1419 S 10th St, McAllen,TX 78501, (956) 682-5597"
-98.244078,26.205757,"Whataburger-McAllen,TX","2225 W US Highway 83, McAllen,TX 78501, (956) 686-6546"
-98.239697,26.23993,"Whataburger-McAllen,TX","4017 N 23rd St, McAllen,TX 78504, (956) 682-8933"
-98.219456,26.266437,"Whataburger-McAllen,TX","7101 N 10th St, McAllen,TX 78504, (956) 686-4242"
-96.638494,33.195089,"Whataburger-McKinney,TX","445 S Central Expy, McKinney,TX 75069, (214) 544-8100"
-96.6787583,33.2183813,"Whataburger-McKinney,TX","4970 W University Dr, McKinney,TX 75071, (972) 984-1432"
-96.6964815,33.173942,"Whataburger-McKinney,TX","6151 Eldorado Pkwy, McKinney,TX 75070, (956) 668-7410"
-96.726921,33.128231,"Whataburger-McKinney,TX","8608 State Hwy 121, McKinney,TX 75070, (972) 390-9917"
-96.7333773,33.2186034,"Whataburger-McKinney,TX","9053 W University Drive, McKinney,TX 75071, (972) 540-9156"
-97.902098,26.159288,"Whataburger-Mercedes,TX","4801 E Expressway 83, Mercedes,TX 78570, (956) 565-2420"
-96.597763,32.770127,"Whataburger-Mesquite,TX","128 E Kearney St, Mesquite,TX 75149, (972) 285-4193"
-96.624189,32.767832,"Whataburger-Mesquite,TX","1726 Military Pkwy, Mesquite,TX 75149, (972) 289-9263"
-96.611437,32.805732,"Whataburger-Mesquite,TX","2943 N Galloway Ave, Mesquite,TX 75150, (972) 681-3318"
-96.644,32.803105,"Whataburger-Mesquite,TX","3204 N Town East Blvd, Mesquite,TX 75150, (972) 270-1641"
-96.470838,31.684634,"Whataburger-Mexia,TX","1012 E Milam St, Mexia,TX 76667, (254) 562-5200"
-102.079369,32.016011,"Whataburger-Midland,TX","1905 N Big Spring St, Midland,TX 79705, (432) 684-0545"
-102.037364,31.984295,"Whataburger-Midland,TX","2217 E Interstate 20 , Midland,TX 79701, (432) 570-4179"
-102.124145,32.017964,"Whataburger-Midland,TX","3206 N Midkiff Rd, Midland,TX 79705, (432) 697-4184"
-102.108687,31.998967,"Whataburger-Midland,TX","800 Andrews Hwy, Midland,TX 79701, (432) 694-1648"
-96.978265,32.474704,"Whataburger-Midlothian,TX","1320 E Highway 287, Midlothian,TX 76065, (972) 775-2323"
-96.935098,32.45604,"Whataburger-Midlothian,TX","2440 Presidential Parkway, Midlothian,TX 76065, (972) 775-2480"
-95.486375,32.668871,"Whataburger-Mineola,TX","2200 N Pacific St, Mineola,TX 75773, (903) 638-8520"
-98.093523,32.80929,"Whataburger-Mineral Wells,TX","2503 E Hubbard St, Mineral Wells,TX 76067, (940) 325-9539"
-98.32145,26.229507,"Whataburger-Mission,TX","201 E Griffin Pkwy, Mission,TX 78572, (956) 581-2021"
-98.282732,26.194765,"Whataburger-Mission,TX","2510 E Expressway 83, Mission,TX 78572, (956) 583-2131"
-98.366481,26.232911,"Whataburger-Mission,TX","2916 W Expressway 83, Mission,TX 78572, (956) 519-8488"
-98.302213,26.211869,"Whataburger-Mission,TX","801 E 9th St, Mission,TX 78572, (956) 581-2121"
-95.537636,29.539164,"Whataburger-Missouri City,TX","8820 Hwy 6, Missouri City,TX 77459, (281) 778-6922"
-95.653473,30.3829674,"Whataburger-Montgomery,TX","18950 Hwy 105 West, Montgomery,TX 77356, (936) 582-1144"
-94.6812916,31.9177408,"Whataburger-Mt Enterprise,TX","104 S Railroad Avenue, Mt Enterprise,TX 75681, (903) 822-4055"
-94.967963,33.134216,"Whataburger-Mt Pleasant,TX","2321 S Jefferson Ave, Mt Pleasant,TX 75455, (903) 572-3115"
-96.610789,33.011575,"Whataburger-Murphy,TX","301 East FM 544, Murphy,TX 75094, (972) 881-5293"
-94.652472,31.626778,"Whataburger-Nacogdoches,TX","2617 North St, Nacogdoches,TX 75961, (936) 564-4988"
-98.07632,29.727949,"Whataburger-New Braunfels,TX","123 Creekside Way, New Braunfels,TX 78130, (830) 643-0414"
-98.111346,29.690308,"Whataburger-New Braunfels,TX","143 S Business Ih 35, New Braunfels,TX 78130, (830) 629-1122"
-98.1598431,29.7162131,"Whataburger-New Braunfels,TX","1687 Hwy 46 W, New Braunfels,TX 78132, (830) 608-1447"
-95.23027,30.129165,"Whataburger-New Caney,TX","12083 N Grand Pkwy E, New Caney,TX 77357, (281) 354-4227"
-97.213929,32.842032,"Whataburger-North Richland Hills,TX","5200 Davis Blvd, North Richland Hills,TX 76180, (817) 281-0894"
-97.238746,32.840559,"Whataburger-North Richland Hills,TX","5501 Rufe Snow Dr, North Richland Hills,TX 76180, (817) 656-9561"
-97.186684,32.860828,"Whataburger-North Richland Hills,TX","6225 Precinct Line Rd, North Richland Hills,TX 76180, (817) 281-8410"
-97.1880886,32.9037317,"Whataburger-North Richland Hills,TX","9100 N Tarrant Parkway, North Richland Hills,TX 76182, (817) 514-4989"
-102.347318,31.860259,"Whataburger-Odessa,TX","1900 E 8th St, Odessa,TX 79761, (432) 337-6675"
-102.383127,31.878268,"Whataburger-Odessa,TX","3716 Andrews Hwy, Odessa,TX 79762, (432) 362-2545"
-102.334977,31.893187,"Whataburger-Odessa,TX","4960 E 42nd St, Odessa,TX 79762, (432) 367-3511"
-93.834919,30.1209,"Whataburger-Orange,TX","7241 IH 10 E, Orange,TX 77630, (409) 883-8799"
-93.756179,30.094397,"Whataburger-Orange ,TX","2300 Macarthur Dr, Orange ,TX 77630, (936) 886-0044"
-95.607495,31.737324,"Whataburger-Palestine,TX","1717 S Loop 256, Palestine,TX 75801, (903) 729-5737"
-98.31872,26.258861,"Whataburger-Palmhurst,TX","4321 N Conway Ave, Palmhurst,TX 78573, (956) 583-4003"
-95.554481,33.68478,"Whataburger-Paris,TX","2470 N Main St, Paris,TX 75460, (903) 785-0808"
-95.514585,33.660971,"Whataburger-Paris,TX","3325 Lamar Ave, Paris,TX 75460, (903) 784-1365"
-95.19884,29.664918,"Whataburger-Pasadena,TX","2301 Spencer Hwy, Pasadena,TX 77504, (713) 946-9574"
-95.150503,29.681535,"Whataburger-Pasadena,TX","4015 Red Bluff Rd, Pasadena,TX 77503, (281) 476-4272"
-95.170629,29.649925,"Whataburger-Pasadena,TX","4831 Fairmont Pwy, Pasadena,TX 77505, (281) 998-1605"
-95.203892,29.690685,"Whataburger-Pasadena,TX","810 Southmore Ave, Pasadena,TX 77502, (713) 472-4374"
-95.3903074,29.5802251,"Whataburger-Pearland,TX","11025 Shadow Creek Pkwy, Pearland,TX 77584, (713) 436-7526"
-95.286247,29.563403,"Whataburger-Pearland,TX","2406 S Main St, Pearland,TX 77581, (281) 485-6744"
-95.385056,29.554466,"Whataburger-Pearland,TX","3040 Silverlake Village Dr, Pearland,TX 77584, (713) 436-5177"
-97.596848,30.465396,"Whataburger-Pflugerville,TX","18609 Limestone Commercial Dr, Pflugerville,TX 78660, (512) 989-8712"
-98.183096,26.194907,"Whataburger-Pharr,TX","100 E US Expressway 83, Pharr,TX 78577, (956) 781-3611"
-98.187372,26.17756,"Whataburger-Pharr,TX","1410 South Cage Blvd , Pharr,TX 78577, (956) 702-4272"
-96.698882,33.032416,"Whataburger-Plano,TX","2548 K Ave, Plano,TX 75074, (972) 423-5506"
-96.701492,33.044991,"Whataburger-Plano,TX","3521 N Central Expressway, Plano,TX 75023, (972) 578-3835"
-96.76802,33.004024,"Whataburger-Plano,TX","433 Coit Rd, Plano,TX 75075, (972) 519-0442"
-96.770684,33.060149,"Whataburger-Plano,TX","6401 Coit Rd, Plano,TX 75024, (972) 769-8640"
-98.513138,28.939847,"Whataburger-Pleasanton,TX","2173 W Oaklawn Rd, Pleasanton,TX 78064, (830) 569-8823"
-97.067276,27.827162,"Whataburger-Port Aransas,TX","729 Highway 361, Port Aransas,TX 78373, (361) 749-0681"
-97.224995,26.073175,"Whataburger-Port Isabel,TX","1301 State Highway 100, Port Isabel,TX 78578, (956) 943-1335"
-96.633647,28.628508,"Whataburger-Port Lavaca,TX","468 State Highway 35 S, Port Lavaca,TX 77979, (361) 552-7416"
-95.235646,30.105019,"Whataburger-Porter,TX","23607 Highway 59 , Porter,TX 77365, (281) 354-5446"
-97.318616,27.880294,"Whataburger-Portland,TX","1010 Wildcat Dr, Portland,TX 78374, (361) 643-2563"
-96.51512,33.17579,"Whataburger-Princeton,TX","803 W Princeton Dr, Princeton,TX 75407, (972) 736-2887"
-96.7850583,33.2499618,"Whataburger-Prosper,TX","1201 South Preston Rd, Prosper,TX 75078, (972) 347-9086"
-97.770114,26.482125,"Whataburger-Raymondville,TX","1007 E Hidalgo Ave, Raymondville,TX 78580, (956) 689-5578"
-96.821511,32.530861,"Whataburger-Red Oak,TX","105 Harris Ave, Red Oak,TX 75154, (972) 617-5545"
-96.804451,32.511387,"Whataburger-Red Oak,TX","123 South State Hwy 342, Red Oak,TX 75154, (972) 576-1000"
-97.273748,28.313126,"Whataburger-Refugio,TX","605 N Alamo St, Refugio,TX 78377, (361) 526-4625"
-96.768078,32.97636,"Whataburger-Richardson,TX","1910 N Coit Rd, Richardson,TX 75080, (972) 231-2833"
-96.699425,32.942715,"Whataburger-Richardson,TX","505 S Plano, Richardson,TX 75081, (972) 918-9680"
-95.772163,29.689648,"Whataburger-Richmond,TX","22710 Bellaire Blvd, Richmond,TX 77406, (281) 232-5726"
-95.761101,29.559842,"Whataburger-Richmond,TX","5400 FM 1640 Rd, Richmond,TX 77469, (281) 239-7161"
-98.929604,26.39987,"Whataburger-Rio Grande City,TX","4143 W US Hwy 83, Rio Grande City,TX 78582, (956) 487-4242"
-97.220708,33.002483,"Whataburger-Roanoke,TX","605 E Byron Nelson Blvd, Roanoke,TX 76262, (817) 490-1059"
-97.65521,27.788293,"Whataburger-Robstown,TX","105 N US Highway 77, Robstown,TX 78380, (361) 387-6913"
-97.042643,28.04264,"Whataburger-Rockport,TX","1805 Highway 35 N, Rockport,TX 78382, (361) 729-3022"
-96.451253,32.908607,"Whataburger-Rockwall,TX","1070 E Interstate 30, Rockwall,TX 75087, (972) 771-0335"
-98.973769,26.40875,"Whataburger-Roma,TX","505 E Highway 83, Roma,TX 78584, (956) 849-4895"
-95.8084115,29.5328077,"Whataburger-Rosenberg,TX","3402 Highway 36 South, Rosenberg,TX 77471, (281) 232-5316"
-97.67861,30.496047,"Whataburger-Round Rock,TX","1501 S I H 35, Round Rock,TX 78664, (512) 244-3815"
-97.614285,30.532099,"Whataburger-Round Rock,TX","4640 E Palm Valley Blvd, Round Rock,TX 78664, (512) 238-0801"
-96.578582,32.907655,"Whataburger-Rowlett,TX","2500 Lakeview Pkwy, Rowlett,TX 75088, (972) 463-9997"
-96.512423,32.919721,"Whataburger-Rowlett,TX","8700 Lakeview Parkway, Rowlett,TX 75088, (972) 412-3535"
-96.3363444,32.9671867,"Whataburger-Royse City,TX","540 W Interstate 30, Royse City,TX 75189, (972) 635-2228"
-95.151173,31.805189,"Whataburger-Rusk,TX","1203 N Dickinson Dr, Rusk,TX 75785, (903) 683-8040"
-96.605687,32.969413,"Whataburger-Sachse,TX","5060 Highway 78, Sachse,TX 75048, (972) 675-4524"
-97.3765562,32.8748207,"Whataburger-Saginaw,TX","1021 N Saginaw Blvd, Saginaw,TX 76179, (817) 847-8549"
-97.343155,32.840865,"Whataburger-Saginaw,TX","5455 Blue Mound Rd, Saginaw,TX 76106, (817) 626-4953"
-100.452707,31.47629,"Whataburger-San Angelo,TX","1830 N Bryant Blvd, San Angelo,TX 76903, (325) 657-0756"
-100.478999,31.445897,"Whataburger-San Angelo,TX","3202 Sherwood Way, San Angelo,TX 76901, (325) 944-4566"
-100.486961,31.397155,"Whataburger-San Angelo,TX","4646 Knickerbocker Rd, San Angelo,TX 76904, (325) 223-1312"
-98.496592,29.53181,"Whataburger-San Antonio,TX","10011 San Pedro Ave, San Antonio,TX 78216, (210) 979-8032"
-98.534761,29.555366,"Whataburger-San Antonio,TX","11003 NW Military Hwy, San Antonio,TX 78231, (210) 408-1749"
-98.485996,29.393141,"Whataburger-San Antonio,TX","1118 Roosevelt Ave, San Antonio,TX 78210, (210) 534-0911"
-98.406344,29.551675,"Whataburger-San Antonio,TX","12309 Nacogdoches Rd, San Antonio,TX 78217, (210) 599-2871"
-98.444805,29.488646,"Whataburger-San Antonio,TX","1243 Austin Highway, San Antonio,TX 78209, (210) 824-0041"
-98.5542755,29.3211346,"Whataburger-San Antonio,TX","12510 SW Loop 410, San Antonio,TX 78211, (210) 923-3155"
-98.592124,29.564247,"Whataburger-San Antonio,TX","12808 W Ih 10, San Antonio,TX 78249, (210) 696-4068"
-98.383776,29.567009,"Whataburger-San Antonio,TX","13900 Oconnor Rd, San Antonio,TX 78233, (210) 654-8175"
-98.475616,29.579395,"Whataburger-San Antonio,TX","14543 Brook Hollow Blvd, San Antonio,TX 78232, (210) 494-7231"
-98.513171,29.576559,"Whataburger-San Antonio,TX","14646 Blanco Rd, San Antonio,TX 78216, (210) 493-2841"
-98.419012,29.599084,"Whataburger-San Antonio,TX","17311 Bulverde Rd, San Antonio,TX 78247, (210) 404-9936"
-98.603996,29.614426,"Whataburger-San Antonio,TX","18303 W Interstate 10, San Antonio,TX 78257, (210) 641-0368"
-98.508391,29.611126,"Whataburger-San Antonio,TX","18330 Blanco Rd, San Antonio,TX 78258, (210) 491-4475"
-98.468227,29.611962,"Whataburger-San Antonio,TX","18417 US Highway 281 N, San Antonio,TX 78258, (210) 496-7730"
-98.455963,29.637109,"Whataburger-San Antonio,TX","2203 E Evans Rd, San Antonio,TX 78258, (210) 497-3939"
-98.505282,29.645926,"Whataburger-San Antonio,TX","23522 Wilderness Oak, San Antonio,TX 78258, (210) 481-9104"
-98.4318419,29.4123571,"Whataburger-San Antonio,TX","25111 IH 10 W, San Antonio,TX 78255, none listed"
-98.53365183,29.51338497,"Whataburger-San Antonio,TX","2557 NW Loop 410, San Antonio,TX 78230, (210) 384-0567"
-98.526124,29.48524,"Whataburger-San Antonio,TX","2727 West Ave, San Antonio,TX 78201, (210) 340-2445"
-98.7110523,29.4607956,"Whataburger-San Antonio,TX","2870 W Loop 1604 S, San Antonio,TX 78245, (210) 645-7029"
-98.443105,29.402375,"Whataburger-San Antonio,TX","303 Roland Rd, San Antonio,TX 78210, (210) 333-7060"
-98.470516,29.455487,"Whataburger-San Antonio,TX","3130 Broadway St, San Antonio,TX 78209, (210) 822-2568"
-98.622996,29.466776,"Whataburger-San Antonio,TX","3202 Wurzbach Rd, San Antonio,TX 78238, (210) 680-0848"
-98.435654,29.351927,"Whataburger-San Antonio,TX","3239 SE Military Dr, San Antonio,TX 78223, (210) 337-9115"
-98.461138,29.383992,"Whataburger-San Antonio,TX","3500 S New Braunfels Ave, San Antonio,TX 78223, (210) 533-1467"
-98.4888,29.423573,"Whataburger-San Antonio,TX","412 E Commerce, San Antonio,TX 78205, (210) 228-0710"
-98.414383,29.219938,"Whataburger-San Antonio,TX","4125 S Loop 1604 E, San Antonio,TX 78264, (210) 626-1176"
-98.589658,29.485869,"Whataburger-San Antonio,TX","4590 NW Loop 410, San Antonio,TX 78228, (210) 731-0782"
-98.400839,29.484202,"Whataburger-San Antonio,TX","4635 Rittiman Rd, San Antonio,TX 78218, (210) 650-4003"
-98.553026,29.430523,"Whataburger-San Antonio,TX","4646 W Commerce St, San Antonio,TX 78237, (210) 435-3084"
-98.5124817,29.3787689,"Whataburger-San Antonio,TX","4720 Ih 35 S, San Antonio,TX 78211, (210) 924-2118"
-98.499555,29.356842,"Whataburger-San Antonio,TX","503 SW Military Dr, San Antonio,TX 78221, (210) 921-1709"
-98.391733,29.398358,"Whataburger-San Antonio,TX","5075 Rigsby Ave, San Antonio,TX 78222, (210) 648-4081"
-98.499855,29.440241,"Whataburger-San Antonio,TX","516 W Cypress, San Antonio,TX 78212, (210) 444-0212"
-98.710068,29.437622,"Whataburger-San Antonio,TX","530 West 1604 North, San Antonio,TX 78251, (210) 647-4402"
-98.70474,29.49388,"Whataburger-San Antonio,TX","5760 W Loop 1604 N, San Antonio,TX 78251, (210) 688-6335"
-98.498871,29.488687,"Whataburger-San Antonio,TX","5900 San Pedro Ave, San Antonio,TX 78212, (210) 736-5769"
-98.614296,29.543825,"Whataburger-San Antonio,TX","6391 Babcock Rd, San Antonio,TX 78240, (210) 697-0244"
-98.621963,29.588782,"Whataburger-San Antonio,TX","6803 N Loop 1604 W, San Antonio,TX 78249, (210) 690-8366"
-98.355331,29.595501,"Whataburger-San Antonio,TX","6950 N Loop 1604 E, San Antonio,TX 78247, (210) 946-0316"
-98.53425,29.357883,"Whataburger-San Antonio,TX","7007 S Zarzamora St, San Antonio,TX 78224, (210) 927-6891"
-98.333978,29.491945,"Whataburger-San Antonio,TX","7725 FM 78, San Antonio,TX 78244, (210) 666-8776"
-98.569061,29.513344,"Whataburger-San Antonio,TX","8002 Fredericksburg Rd, San Antonio,TX 78229, (210) 615-2214"
-98.65092,29.417687,"Whataburger-San Antonio,TX","8214 Marbach Rd, San Antonio,TX 78227, (210) 673-4520"
-98.651302,29.436625,"Whataburger-San Antonio,TX","8319 State Highway 151, San Antonio,TX 78245, (210) 521-1511"
-98.465054,29.515368,"Whataburger-San Antonio,TX","8426 Broadway St, San Antonio,TX 78209, (210) 828-5720"
-98.48507,29.529466,"Whataburger-San Antonio,TX","8481 N US Highway 281, San Antonio,TX 78216, (210) 979-7369"
-98.656961,29.479311,"Whataburger-San Antonio,TX","8756 Grissom Rd, San Antonio,TX 78251, (210) 680-4463"
-98.664934,29.556749,"Whataburger-San Antonio,TX","9263 N Loop 1604 W, San Antonio,TX 78249, (210) 695-5741"
-98.4349231,29.4251727,"Whataburger-San Antonio,TX","One AT&T Center Pkwy, San Antonio,TX 78219, (210) 223-2441"
-97.634662,26.144495,"Whataburger-San Benito,TX","1110 W US Highway 77, San Benito,TX 78586, (956) 399-7440"
-97.938925,29.867016,"Whataburger-San Marcos,TX","1004 Highway 123, San Marcos,TX 78666, (512) 353-0567"
-97.986824,29.827268,"Whataburger-San Marcos,TX","4040 S I H 35, San Marcos,TX 78666, (512) 754-7375"
-98.278132,29.602001,"Whataburger-Schertz,TX","5570 FM 3009, Schertz,TX 78154, (210) 651-9858"
-96.902524,29.690414,"Whataburger-Schulenberg,TX","40 N Kessler Ave, Schulenberg,TX 78956, (979) 743-9166"
-95.025891,29.565457,"Whataburger-Seabrook,TX","1408 Bayport Blvd, Seabrook,TX 77586, (281) 474-2518"
-96.546405,32.649855,"Whataburger-Seagoville,TX","1005 N Highway 175, Seagoville,TX 75159, (972) 287-7973"
-96.151486,29.76135,"Whataburger-Sealy,TX","2013 Highway 36 S, Sealy,TX 77474, (979) 885-4101"
-97.992477,29.583053,"Whataburger-Seguin,TX","1520 N State Highway 46, Seguin,TX 78155, (830) 379-2582"
-97.941325,29.571308,"Whataburger-Seguin,TX","318 N Highway 123 Byp, Seguin,TX 78155, (830) 372-3120"
-96.607956,33.675724,"Whataburger-Sherman,TX","3609 N US Highway 75, Sherman,TX 75090, (903) 868-1236"
-94.182,30.342033,"Whataburger-Silsbee,TX","825 Highway 96 S, Silsbee,TX 77656, (409) 385-3258"
-97.516585,28.035343,"Whataburger-Sinton,TX","220 S San Patricio St, Sinton,TX 78387, (361) 364-2463"
-100.918995,32.696081,"Whataburger-Snyder,TX","4612 College Ave, Snyder,TX 79549, (325) 573-4954"
-106.288193,31.652948,"Whataburger-Socorro,TX","10401 Alameda Dr, Socorro,TX 79927, (210) 496-4000"
-97.169419,26.110396,"Whataburger-South Padre Island,TX","3509 Padre Blvd, South Padre Island,TX 78597, (956) 761-7862"
-95.432994,30.062025,"Whataburger-Spring,TX","20550 Interstate 45, Spring,TX 77373, (281) 651-7960"
-95.517408,30.078072,"Whataburger-Spring,TX","21310 Kuykendahl Rd, Spring,TX 77379, (281) 355-1920"
-95.448113,30.126809,"Whataburger-Spring,TX","316 Sawdust Rd, Spring,TX 77380, (281) 367-1995"
-95.5274219,30.0190741,"Whataburger-Spring,TX","7430 Louetta Rd, Spring,TX 77379, (281) 370-4610"
-95.4475725,30.0702701,"Whataburger-Spring ,TX","2115 FM 2920 Rd, Spring ,TX 77388, (281) 288-2913"
-95.38953,30.112706,"Whataburger-Spring ,TX","3447 Rayford Rd, Spring,TX 77386, (281) 907-6775"
-98.424388,29.797944,"Whataburger-Spring Branch ,TX","20314 State Hwy 46 West, Spring Branch,TX 78070, (830) 438-4040"
-95.565188,29.634698,"Whataburger-Stafford,TX","13030 Murphy Rd, Stafford,TX 77477, (281) 240-1336"
-98.239843,32.203449,"Whataburger-Stephenville,TX","2830 W Washington St, Stephenville,TX 76401, (254) 968-6285"
-98.442899,32.706505,"Whataburger-Strawn,TX","2503 N State Highway 16 , Strawn,TX 76475, (940) 659-4611"
-95.6431787,29.6647804,"Whataburger-Sugar Land,TX","10315 S Highway 6, Sugar Land,TX 77498, (281) 265-6838"
-95.688121,29.563348,"Whataburger-Sugar Land,TX","17480 W Grand Pkwy, Sugar Land,TX 77479, (281) 232-5546"
-95.6472939,29.610811,"Whataburger-Sugar Land,TX","340 Highway 6, Sugar Land,TX 77479, (281) 494-4298"
-95.585475,29.582232,"Whataburger-Sugar Land,TX","4530 Highway 6 , Sugar Land,TX 77478, (281) 980-5757"
-95.595707,33.11594,"Whataburger-Sulphur Springs,TX","117 Shannon Road E, Sulphur Springs,TX 75482, (903) 439-1035"
-100.398684,32.474888,"Whataburger-Sweetwater,TX","1009 E Broadway St, Sweetwater,TX 79556, (325) 235-8417"
-97.39829,27.978595,"Whataburger-Taft,TX","321 US Highway 181, Taft,TX 78390, (361) 528-3531"
-97.41528,30.598165,"Whataburger-Taylor,TX","3510 N Main, Taylor,TX 76574, (512) 352-6494"
-97.358503,31.102638,"Whataburger-Temple,TX","115 N General Bruce Dr, Temple,TX 76504, (254) 771-0001"
-97.3695778,31.0731527,"Whataburger-Temple,TX","1415 SW HK Dodgen, Temple,TX 76502, (254) 771-9035"
-97.413536,31.116386,"Whataburger-Temple,TX","6705 W Adams Ave, Temple,TX 76502, (254) 771-9955"
-96.2965393,32.7646103,"Whataburger-Terrell,TX","1261 FM148, Terrell,TX 75160, (972) 321-3800"
-96.297186,32.738297,"Whataburger-Terrell,TX","1400 W Moore Ave #A, Terrell,TX 75160, (972) 524-7141"
-94.077731,33.435679,"Whataburger-Texarkana,TX","2727 New Boston Rd, Texarkana,TX 75501, (903) 832-2727"
-94.930005,29.394419,"Whataburger-Texas City,TX","2411 Palmer Hwy, Texas City,TX 77590, (409) 948-3153"
-96.890589,33.065839,"Whataburger-The Colony,TX","4687 State Highway 121, The Colony,TX 75056, (972) 370-2806"
-95.461796,30.206884,"Whataburger-The Woodlands,TX","3073 College Park Dr, The Woodlands,TX 77384, (936) 273-7724"
-94.3994725,31.9061013,"Whataburger-Timpson,TX","694 N First St, Timpson,TX 75975, (936) 254-3438"
-95.5535212,30.1326874,"Whataburger-Tomball,TX","25720 Kuykendahl Rd, Tomball,TX 77375, (281) 516-9504"
-95.631814,30.085948,"Whataburger-Tomball,TX","28315 State Highway 249, Tomball,TX 77375, (281) 255-6669"
-95.3361435,32.3061905,"Whataburger-Tyler,TX","12405 Frankston Hwy, Tyler,TX 75708, (903) 534-0625"
-95.301397,32.303171,"Whataburger-Tyler,TX","137 W Southwest Loop 323, Tyler,TX 75701, (903) 561-7334"
-95.349086,32.235986,"Whataburger-Tyler,TX","16772 FM 2493, Tyler,TX 75703, (903) 561-2025"
-95.266315,32.331042,"Whataburger-Tyler,TX","1717 S Southeast Loop 323, Tyler,TX 75701, (903) 595-2221"
-95.290974,32.329794,"Whataburger-Tyler,TX","1739 S Beckham Ave, Tyler,TX 75701, (903) 593-8081"
-95.322432,32.365262,"Whataburger-Tyler,TX","1919 W Gentry Parkway, Tyler,TX 75702, (903) 592-7354"
-95.342633,32.347595,"Whataburger-Tyler,TX","345 S Southwest Loop 323, Tyler,TX 75702, (903) 533-0693"
-95.263246,32.296281,"Whataburger-Tyler,TX","5003 Troup Highway, Tyler,TX 75707, (903) 266-9168"
-95.329802,32.286082,"Whataburger-Tyler,TX","5916 Old Jacksonville Hwy, Tyler,TX 75703, (903) 630-6394"
-95.270099,32.395362,"Whataburger-Tyler,TX","6288 US Highway 271, Tyler,TX 75708, (903) 526-0490"
-95.306896,32.275038,"Whataburger-Tyler,TX","6849 S Broadway Ave, Tyler,TX 75701, (903) 939-9961"
-98.297186,29.550655,"Whataburger-Universal City,TX","1134 Pat Booker Rd, Universal City,TX 78148, (210) 566-4350"
-99.766774,29.21879,"Whataburger-Uvalde,TX","2111 E Main St, Uvalde,TX 78802, (830) 278-4141"
-97.108141,32.435355,"Whataburger-Venus,TX","101 E Henderson St, Venus,TX 76084, (972) 366-3558"
-96.96606,28.815498,"Whataburger-Victoria,TX","3603 Houston Hwy, Victoria,TX 77901, (361) 576-6623"
-97.001402,28.83446,"Whataburger-Victoria,TX","4302 N Navarro St, Victoria,TX 77901, (361) 578-9011"
-96.998759,28.80546,"Whataburger-Victoria,TX","509 E Rio Grande St, Victoria,TX 77901, (361) 575-2326"
-96.997055,28.87676,"Whataburger-Victoria,TX","8908 N Navarro St, Victoria,TX 77904, (361) 578-9858"
-94.01498,30.12999,"Whataburger-Vidor,TX","540 N Main St, Vidor,TX 77662, (409) 769-5871"
-97.187202,31.512094,"Whataburger-Waco,TX","100 W Loop 340, Waco,TX 76712, (254) 772-0642"
-97.18678,31.53115,"Whataburger-Waco,TX","1101 N Valley Mills Dr, Waco,TX 76710, (254) 772-5822"
-97.206336,31.480093,"Whataburger-Waco,TX","1528 Hewitt Dr, Waco,TX 76712, (254) 666-0925"
-97.1257,31.54881,"Whataburger-Waco,TX","928 S 7th St, Waco,TX 76706, (254) 753-0380"
-97.260072,32.885323,"Whataburger-Watauga,TX","7826 Denton Hwy, Watauga,TX 76148, (817) 514-7513"
-96.817205,32.402136,"Whataburger-Waxahachie,TX","114 Broadhead Rd, Waxahachie,TX 75165, (972) 923-3750"
-96.82898,32.400564,"Whataburger-Waxahachie,TX","2965 Hwy 77 N, Waxahachie,TX 75165, (972) 937-2844"
-96.842105,32.409322,"Whataburger-Waxahachie,TX","604 N Highway 77, Waxahachie,TX 75165, (972) 938-8707"
-97.7876987,32.7296186,"Whataburger-Weatherford,TX","110 East IH-20, Weatherford,TX 76087, (817) 599-8321"
-97.797758,32.745422,"Whataburger-Weatherford,TX","1212 S Main St, Weatherford,TX 76086, (817) 594-0228"
-95.117105,29.538061,"Whataburger-Webster,TX","100 E NASA Rd 1, Webster,TX 77598, (281) 338-1576"
-97.990722,26.170107,"Whataburger-Weslaco,TX","1100 N Texas Blvd, Weslaco,TX 78596, (956) 968-0521"
-98.005463,26.174885,"Whataburger-Weslaco,TX","1500 E US Highway 83, Weslaco,TX 78596, (956) 968-9505"
-98.00667,26.16458,"Whataburger-Weslaco,TX","304 N Westgate Dr, Weslaco,TX 78596, (956) 447-1300"
-97.414057,32.76078,"Whataburger-Westworth Village,TX","6520 Westworth Blvd, Westworth Village,TX 76114, (817) 763-9873"
-96.119629,29.32806,"Whataburger-Wharton,TX","1120 Highway 59 Loop N, Wharton,TX 77488, (979) 532-1208"
-94.8611974,32.5204472,"Whataburger-White Oak,TX","103 E Hwy 80 , White Oak,TX 75693, (903) 291-1995"
-96.903814,33.672724,"Whataburger-Whitesboro,TX","1001 Hwy 82 E, Whitesboro,TX 76273, (903) 564-3019"
-98.515783,33.92832,"Whataburger-Wichita Falls,TX","1040 Central Fwy, Wichita Falls,TX 76306, (940) 723-1019"
-98.532112,33.857661,"Whataburger-Wichita Falls,TX","2725 Southwest Pkwy, Wichita Falls,TX 76308, (940) 692-0015"
-98.547869,33.877944,"Whataburger-Wichita Falls,TX","3404 Mcniel Ave, Wichita Falls,TX 76308, (940) 696-2201"
-95.493437,30.4244169,"Whataburger-Willis,TX","12721 Interstate 45 North, Willis,TX 77318, (936) 890-1279"
-97.634279,32.735536,"Whataburger-Willow Park,TX","4915 E Interstate 20, Willow Park,TX 76087, (817) 441-2301"
-98.395839,29.513325,"Whataburger-Windcrest,TX","8300 N IH 35, Windcrest,TX 78239, (210) 654-8664"
-94.400899,29.85856,"Whataburger-Winnie,TX","14935 FM 1663 Rd, Winnie,TX 77665, (409) 296-9914"
-94.414845,30.7686167,"Whataburger-Woodville,TX","703 S Magnolia, Woodville,TX 75979, (409) 331-9848"
